asin_id,title,new_price,list_price,rating,rating_count,img_url
B014I8SSD0,"Amazon Basics High-Speed HDMI Cable (18 Gbps, 4K/60Hz) - 6 Feet, Black",N/A,N/A,"490,297 ratings",4.7 out of 5 stars,https://m.media-amazon.com/images/I/61pBvlYVPxL._SL1500_.jpg
B07PHSF8DP,"TAKAGI iPhone Charger, Lightning Cable 3PACK 6FT Nylon Braided USB Charging Cable High Speed Data Sync Transfer Cord Compatible with iPhone 14/13/12/11 Pro Max/XS MAX/XR/XS/X/8/7/Plus/6S/6/SE/5S/iPad",N/A,N/A,"93,474 ratings",4.4 out of 5 stars,https://m.media-amazon.com/images/I/71m-EsCA2aL._AC_SL1500_.jpg
B08412PTS8,"Original HP 67XL Black High-yield Ink Cartridge | Works with HP DeskJet 1255, 2700, 4100 Series, HP ENVY 6000, 6400 Series | Eligible for Instant Ink | 3YM57AN",N/A,N/A,"33,054 ratings",4.7 out of 5 stars,https://m.media-amazon.com/images/I/71dncPbANKL._AC_SL1500_.jpg
B08GYKNCCP,"SanDisk 128GB Ultra microSDXC UHS-I Memory Card with Adapter - 120MB/s, C10, U1, Full HD, A1, Micro SD Card - SDSQUA4-128G-GN6MA",$14.39,$24.99,"211,441 ratings",4.7 out of 5 stars,https://m.media-amazon.com/images/I/61jhzv9AQRL._AC_SL1200_.jpg
B08412HXK9,"Original HP 67 Black/Tri-color Ink Cartridges (2 Count - Pack of 1) | Works with HP DeskJet 1255, 2700, 4100 Series, HP ENVY 6000, 6400 Series | Eligible for Instant Ink | 3YP29AN",N/A,N/A,"35,652 ratings",4.7 out of 5 stars,https://m.media-amazon.com/images/I/51eBahpKdaL._AC_SL1000_.jpg
B0000AE67M,"Falcon Dust, Off Compressed Gas (152a) Disposable Cleaning Duster, 1, Count, 3.5 oz Can (DPSJB),Black",N/A,N/A,"63,237 ratings",4.2 out of 5 stars,https://m.media-amazon.com/images/I/81LtIK5MYQL._AC_SL1500_.jpg
B01GGKYKQM,"Amazon Basics USB Type-C to USB-A 2.0 Male Charger Cable, 3 Feet (0.9 Meters), Black, 1 Count, 1-Pack",$5.99,$5.99,"74,978 ratings",4.6 out of 5 stars,https://m.media-amazon.com/images/I/5185vXvJMAL._AC_SL1500_.jpg
B07CVX3516,Syntech USB C to USB Adapter Pack of 2 USB C Male to USB3 Female Adapter Compatible with MacBook Pro 2023 iMac iPad Mini 6/Pro MacBook Air 2022 and Other Type C or Thunderbolt 4/3 Devices Space Grey,$9.99,$18.99,"131,865 ratings",4.6 out of 5 stars,https://m.media-amazon.com/images/I/71xWh67sBNL._AC_SL1500_.jpg
B082F5ZLS5,"Leather Desk Pad Protector,Mouse Pad,Office Desk Mat, Non-Slip PU Leather Desk Blotter,Laptop Desk Pad,Waterproof Desk Writing Pad for Office and Home (Black,31.5"" x 15.7"")",N/A,N/A,"57,537 ratings",4.7 out of 5 stars,https://m.media-amazon.com/images/I/71p+P8mZ3RL._AC_SL1500_.jpg
B0BGSDTZVF,iPhone Charger 3 Pack 10 ft Apple MFi Certified Lightning Cable Nylon Braided Cable iPhone Charger Fast Charging Cord Compatible with iPhone 13 12 11 Pro Max XR XS X 8 7 6 Plus SE iPad and More,N/A,N/A,"2,826 ratings",4.6 out of 5 stars,https://m.media-amazon.com/images/I/71hnUhUJJVL._SL1500_.jpg
B0B1ZK4X4J,iPhone Charger [Apple MFi Certified] 3pack 10FT Long Lightning Cable Fast Charging High Speed Data Sync USB Cable Compatible iPhone 13/12/11 Pro Max/XS MAX/XR/XS/X/8/7/Plus/6S (Grey White),N/A,N/A,"5,625 ratings",4.3 out of 5 stars,https://m.media-amazon.com/images/I/71Va1BmmDkL._SL1500_.jpg
B079JLY5M5,"Logitech MK270 Wireless Keyboard And Mouse Combo For Windows, 2.4 GHz Wireless, Compact Mouse, 8 Multimedia And Shortcut Keys, For PC, Laptop - Black",N/A,N/A,"79,126 ratings",4.5 out of 5 stars,https://m.media-amazon.com/images/I/61pUul1oDlL._AC_SL1500_.jpg
B09D7NN6YZ,[Apple MFi Certified] 6Pack 3/3/6/6/6/10 FT iPhone Charger Nylon Braided Fast Charging Lightning Cable Compatible iPhone 14 Pro/13 mini/13/12/11 Pro MAX/XR/XS/8/7/Plus/6S/SE/iPad,$11.99,$25.99,"23,020 ratings",4.5 out of 5 stars,https://m.media-amazon.com/images/I/81km6VdyE2L._SL1500_.jpg
B00N2VILDM,Amazon Basics RJ45 Cat-6 Ethernet Patch Internet Cable - 5 Foot (1.5 Meters),$6.50,$6.50,"117,784 ratings",4.7 out of 5 stars,https://m.media-amazon.com/images/I/61Hewd49NFL._AC_SL1500_.jpg
B015OW3M1W,Amazon Basics Uni-Directional DisplayPort to HDMI Display Cable 4K@30Hz - 6 Feet,N/A,N/A,"48,813 ratings",4.6 out of 5 stars,https://m.media-amazon.com/images/I/61lCmBR7q3L._AC_SL1500_.jpg
B01BYKUI9C,"Original HP 65 Black Ink Cartridge | Works with HP AMP 100 Series, HP DeskJet 2600, 3700 Series, HP ENVY 5000 Series | Eligible for Instant Ink | N9K02AN",N/A,N/A,"84,734 ratings",4.7 out of 5 stars,https://m.media-amazon.com/images/I/71OxUHNuWgL._AC_SL1500_.jpg
B08Y1G3KRX,"[Apple MFi Certified] iPhone Fast Charger, 20W USB C Power Delivery Wall Charger Plug with 6ft Type C to Lightning Cable Quick Charging Data Sync Cord for iPhone14 13 12 11 Pro Max Mini Xs Xr X 8 iPad",N/A,N/A,"18,096 ratings",4.4 out of 5 stars,https://m.media-amazon.com/images/I/51qzSTd-1BL._AC_SL1500_.jpg
B00WR23X5I,"Original HP 63 Black Ink Cartridge | Works with HP DeskJet 1112, 2130, 3630 Series; HP ENVY 4510, 4520 Series; HP OfficeJet 3830, 4650, 5200 Series | Eligible for Instant Ink | F6U62AN",N/A,N/A,"83,281 ratings",4.7 out of 5 stars,https://m.media-amazon.com/images/I/71MHmk6IbBL._AC_SL1500_.jpg
B0BGX7GXJP,[Apple MFi Certified] iPhone Charger 3Pack 10FT Nylon Braided Lightning Cable Fast Charging iPhone Charger Cord Compatible with iPhone 13 12 11 Pro Max XR XS X 8 7 6 Plus SE and More,N/A,N/A,"2,397 ratings",4.3 out of 5 stars,https://m.media-amazon.com/images/I/71aYP6Ie2BL._SL1500_.jpg
B084131T6G,"Original HP 67 Black Ink Cartridge | Works with HP DeskJet 1255, 2700, 4100 Series, HP ENVY 6000, 6400 Series | Eligible for Instant Ink | 3YM56AN",N/A,N/A,"31,349 ratings",4.7 out of 5 stars,https://m.media-amazon.com/images/I/71b3HlAlA8S._AC_SL1500_.jpg
B00NH11KIK,"Amazon Basics USB 2.0 Printer Cable - A-Male to B-Male Cord - 6 Feet (1.8 Meters), Black",N/A,N/A,"111,595 ratings",4.7 out of 5 stars,https://m.media-amazon.com/images/I/71bhL-Kx6+L._AC_SL1500_.jpg
B087Z5WDJ2,Logitech M510 Wireless Computer Mouse for PC with USB Unifying Receiver - Graphite,$21.85,$27.99,"23,315 ratings",4.7 out of 5 stars,https://m.media-amazon.com/images/I/61xgpXecLML._AC_SL1500_.jpg
B082T6DHB6,"Amazon Basics Nylon USB-A to Lightning Cable Cord, MFi Certified Charger for Apple iPhone 14 13 12 11 X Xs Pro, Pro Max, Plus, iPad, Dark Gray, 3-Ft",N/A,N/A,"70,123 ratings",4.7 out of 5 stars,https://m.media-amazon.com/images/I/51bL094WehL._AC_SL1302_.jpg
B00WJDWGA8,"Original HP 63XL Black High-yield Ink Cartridge | Works with HP DeskJet 1112, 2130, 3630 Series; HP ENVY 4510, 4520 Series; HP OfficeJet 3830, 4650, 5200 Series | Eligible for Instant Ink | F6U64AN",N/A,N/A,"47,311 ratings",4.7 out of 5 stars,https://m.media-amazon.com/images/I/71zeXYQRMfL._AC_SL1500_.jpg
B088NRLMPV,"Anker USB C Cable, New Nylon USB C to USB C Cable (6ft 60W, 2-Pack, USB 2.0), USB C Cable for iPad Mini 6, iPad Pro 2020, iPad Air 4, MacBook Pro 2020, Samsung Galaxy S22,Switch, Pixel, LG (Black)",$10.55,$10.55,"27,740 ratings",4.7 out of 5 stars,https://m.media-amazon.com/images/I/71IE9dLBduL._SL1500_.jpg
B000UXZQ42,"Logitech H390 Wired Headset, Stereo Headphones with Noise-Cancelling Microphone, USB, In-Line Controls, PC/Mac/Laptop - Black",N/A,N/A,"47,775 ratings",4.4 out of 5 stars,https://m.media-amazon.com/images/I/61CqYq+xwNL._AC_SL1500_.jpg
B07N3G1P55,"Original HP 910 Cyan, Magenta, Yellow Ink Cartridges (3-pack) | Works with HP OfficeJet 8010, 8020 Series, HP OfficeJet Pro 8020, 8030 Series | Eligible for Instant Ink | 3YN97AN",N/A,N/A,"11,457 ratings",4.7 out of 5 stars,https://m.media-amazon.com/images/I/718rOMHM-bS._AC_SL1500_.jpg
B0836GXKKB,"Uiosmuph LED Wireless Mouse, G12 Slim Rechargeable Wireless Silent Mouse, 2.4G Portable USB Optical Wireless Computer Mice with USB Receiver and Type C Adapter (Matte Black)",$12.99,$17.99,"56,083 ratings",4.4 out of 5 stars,https://m.media-amazon.com/images/I/51KCV2cdDsS._AC_SL1500_.jpg
B0B8CJRPTW,iPhone Charger [Apple MFi Certified] 3Pack 10FT Lightning Cable Fast Charging iPhone Charger Cord Compatible with iPhone 13 12 11 Pro Max XR XS X 8 7 6 Plus SE and More (Multi-Color),N/A,N/A,"5,204 ratings",4.4 out of 5 stars,https://m.media-amazon.com/images/I/61IPI3-XQrL._SL1500_.jpg
B07N3FYTW5,"Original HP 910XL Black High-yield Ink Cartridge | Works with HP OfficeJet 8010, 8020 Series, HP OfficeJet Pro 8020, 8030 Series | Eligible for Instant Ink | 3YL65AN",N/A,N/A,"14,445 ratings",4.7 out of 5 stars,https://m.media-amazon.com/images/I/61N8mUd0-6L._AC_SL1000_.jpg
B08412TYML,"Original HP 67XL Tri-color High-yield Ink Cartridge | Works with HP DeskJet 1255, 2700, 4100 Series, HP ENVY 6000, 6400 Series | Eligible for Instant Ink | 3YM58AN",N/A,N/A,"20,515 ratings",4.7 out of 5 stars,https://m.media-amazon.com/images/I/715Ohdd62gL._AC_SL1500_.jpg
B0101S7K6C,"Canon PG-243/ CL-244 Ink Multi pack, Compatible to TR4520, MX492, MG2520, MG2922, TS302 and TS202 Printers",N/A,N/A,"58,048 ratings",4.6 out of 5 stars,https://m.media-amazon.com/images/I/71zFeihP3xL._AC_SL1500_.jpg
B089DM4KDW,"etguuds [2-Pack, 3ft] USB C Cable 3A Fast Charge, USB A to Type C Charger Cord Braided Compatible with Samsung Galaxy A10e A20 A50 A51 A71, S20 S10 S9 S8 Plus S10E, Note 20 10 9 8, Moto G7 G8",N/A,N/A,"64,289 ratings",4.6 out of 5 stars,https://m.media-amazon.com/images/I/61zvbGMj1+L._AC_SL1100_.jpg
B01BYKV7I8,"Original HP 65 Black/Tri-color Ink Cartridges (2-pack) | Works with HP AMP 100 Series, HP DeskJet 2600, 3700 Series, HP ENVY 5000 Series | Eligible for Instant Ink | T0A36AN",N/A,N/A,"31,692 ratings",4.7 out of 5 stars,https://m.media-amazon.com/images/I/61Fm4fnbnVL._AC_SL1500_.jpg
B01MQ5Z080,Apple USB-C Charge Cable (2m),$15.40,$15.40,"28,530 ratings",4.6 out of 5 stars,https://m.media-amazon.com/images/I/41uNTvxHcNL._AC_SL1000_.jpg
B09X7FXHVJ,"SanDisk 128GB Extreme PRO SDXC UHS-I Memory Card - C10, U3, V30, 4K UHD, SD Card - SDSDXXD-128G-GN4IN",$22.99,$33.49,"6,985 ratings",4.8 out of 5 stars,https://m.media-amazon.com/images/I/81wwLOgkLgL._AC_SL1500_.jpg
B003H2GBM4,"Original HP 61 Black Ink Cartridge | Works with DeskJet 1000, 1010, 1050, 1510, 2050, 2510, 2540, 3000, 3050, 3510; ENVY 4500, 5530; OfficeJet 2620, 4630 Series | Eligible for Instant Ink | CH561WN",N/A,N/A,"59,318 ratings",4.7 out of 5 stars,https://m.media-amazon.com/images/I/61HtgZVaxdL._AC_SL1000_.jpg
B00WR23VRI,"Original HP 63 Black/Tri-color Ink (2-pack) | Works with HP DeskJet 1112, 2130, 3630 Series; HP ENVY 4510, 4520 Series; HP OfficeJet 3830, 4650, 5200 Series | Eligible for Instant Ink | L0R46AN",N/A,N/A,"37,727 ratings",4.7 out of 5 stars,https://m.media-amazon.com/images/I/71SpVFYFzQL._AC_SL1500_.jpg
B071YHCML6,"Original HP 64XL Black High-yield Ink Cartridge | Works with HP ENVY Inspire 7950e; ENVY Photo 6200, 7100, 7800; Tango Series | Eligible for Instant Ink | N9J92AN",N/A,N/A,"19,316 ratings",4.7 out of 5 stars,https://m.media-amazon.com/images/I/71N1gNMUpbL._AC_SL1500_.jpg
B09QL8B3YF,"USB C to Lightning Cable [Apple MFi Certified] 3Pack 6FT iPhone Fast Charger Cable Power Delivery Type C Charging Cord Compatible with iPhone 14 13 13 Pro Max 12 12 Pro Max 11 XS XR X 8 iPad,White",N/A,N/A,"3,450 ratings",4.4 out of 5 stars,https://m.media-amazon.com/images/I/51zj7qdhTzL._AC_SL1500_.jpg
B005EJH6Z4,Amazon Basics Wireless Computer Mouse with USB Nano Receiver - Black,N/A,N/A,"53,525 ratings",4.5 out of 5 stars,https://m.media-amazon.com/images/I/61LtuGzXeaL._AC_SL1465_.jpg
B01AV8PPOQ,"Original HP 952 Cyan, Magenta, Yellow Ink Cartridges (3-pack) | Works with HP OfficeJet 8702, HP OfficeJet Pro 7720, 7740, 8210, 8710, 8720, 8730, 8740 Series | Eligible for Instant Ink | N9K27AN",N/A,N/A,"12,254 ratings",4.7 out of 5 stars,https://m.media-amazon.com/images/I/714wiNbdyoL._AC_SL1500_.jpg
B06ZY9LP74,"Original HP 64 Black/Tri-color Ink Cartridges (2-pack) | Works with HP ENVY Inspire 7950e; ENVY Photo 6200, 7100, 7800; Tango Series | Eligible for Instant Ink | X4D92AN",N/A,N/A,"16,960 ratings",4.7 out of 5 stars,https://m.media-amazon.com/images/I/719v4HTY9OL._AC_SL1500_.jpg
B07KXQX3S3,"SanDisk 128GB microSDXC-Card, Licensed for Nintendo-Switch - SDSQXAO-128G-GNCZN",$17.49,$34.99,"260,949 ratings",4.9 out of 5 stars,https://m.media-amazon.com/images/I/61ysEjw8BML._AC_SL1392_.jpg
B085TFF7M1,"Logitech C920x HD Pro Webcam, Full HD 1080p/30fps Video Calling, Clear Stereo Audio, HD Light Correction, Works with Skype, Zoom, FaceTime, Hangouts, PC/Mac/Laptop/Macbook/Tablet - Black",N/A,N/A,"14,927 ratings",4.6 out of 5 stars,https://m.media-amazon.com/images/I/71iNwni9TsL._AC_SL1500_.jpg
B082Z1YYRK,"USB Type-C Cable 5pack 6ft Fast Charging 3A Quick Charger Cord, Type C to A Cable 6 Foot Compatible Samsung Galaxy S10 S9 S8 Plus, Braided Fast Charging Cable for Note 10 9 8, LG V50 V40 G8 G7(Grey)",$10.27,$10.27,"43,773 ratings",4.6 out of 5 stars,https://m.media-amazon.com/images/I/71hLGDuvLCL._AC_SL1500_.jpg
B07FCMKK5X,"SanDisk 128GB Extreme microSDXC UHS-I Memory Card with Adapter - Up to 160MB/s, C10, U3, V30, 4K, A2, Micro SD - SDSQXA1-128G-GN6MA",$16.67,$16.67,"322,046 ratings",4.8 out of 5 stars,https://m.media-amazon.com/images/I/815cRpgAN3L._AC_SL1500_.jpg
B0B3GQVKPN,"[Apple MFi Certified] iPhone 14 13 12 11 Fast Charger, 2Pack 20W PD Type C Wall Charger Block with 6FT USB-C to Lightning Cables Compatible with iPhone 14/13/ 12/11/ XS/XR/X/ 8 Plus/iPad,White",N/A,N/A,"5,334 ratings",4.3 out of 5 stars,https://m.media-amazon.com/images/I/61iflaZRxrL._AC_SL1500_.jpg
B088FSHMQ3,"AINOPE USB C Cable [2-Pack, 6.6ft] 3.1A Type C Charger Fast Charging Cable Right Angle, Durable Nylon Braided USB C Charging Cable Compatible with Galaxy S10 S9 Plus S21, Note 10 9 LG, Type C Charger",$7.99,$7.99,"76,409 ratings",4.7 out of 5 stars,https://m.media-amazon.com/images/I/71slGPTBJ9S._AC_SL1200_.jpg
B07WPTG7NX,"USB C Hub, Hiearcool Adapter USB C Dongle for MacBook Pro, 7 in 1 USB C to HDMI Multport Adapter Compatible for USB C Laptops and Other Type C Devices (4K HDMI USB3.0 SD/TF Card Reader 100W PD)",$24.99,$29.99,"39,110 ratings",4.6 out of 5 stars,https://m.media-amazon.com/images/I/71Og586RJCL._AC_SL1500_.jpg
B07M6Y7355,"EMEET 1080P Webcam with Microphone, C960 Web Camera, 2 Mics Streaming Webcam with Privacy Cover, 90°View Computer Camera, Plug&Play USB Webcam for Calls/Conference, Zoom/Skype/YouTube, Laptop/Desktop",N/A,N/A,"14,572 ratings",4.3 out of 5 stars,https://m.media-amazon.com/images/I/61-K2lXmHQL._AC_SL1500_.jpg
B07DC5PPFV,"Anker Premium Nylon USB A to USB C Cable(2-pack, 6ft), USB 2.0, Fast Charging USB C Cable for Samsung Galaxy S10 S10+ / Note 9, LG V30 and More (Black)",N/A,N/A,"78,416 ratings",4.7 out of 5 stars,https://m.media-amazon.com/images/I/71JPX+AFszL._SL1500_.jpg
B01B6QGJ42,"Original HP 952XL Black High-yield Ink Cartridge | Works with HP OfficeJet 8702, HP OfficeJet Pro 7720, 7740, 8210, 8710, 8720, 8730, 8740 Series | Eligible for Instant Ink | F6U19AN",N/A,N/A,"13,957 ratings",4.7 out of 5 stars,https://m.media-amazon.com/images/I/71CBLTegWqS._AC_SL1500_.jpg
B07THJGZ9Z,"Anker USB C to HDMI Adapter (4K@60Hz), 310 USB-C Adapter (4K HDMI), Aluminum, Portable , for MacBook Pro, Air, iPad Pro, Pixelbook, XPS, Galaxy, and More",$17.99,$17.99,"25,546 ratings",4.6 out of 5 stars,https://m.media-amazon.com/images/I/51I0DpppkJL._AC_SL1500_.jpg
B087213LB3,"Warrky USB C to HDMI Cable 4K [Anti-Interference Gold-Plated Plugs] 6FT Braided Type-C to HDMI Cord Thunderbolt 3/4 Compatible for MacBook Pro/Air, iMac, iPad Pro, Galaxy S8 to S22, Surface, Dell, HP",$12.49,$12.49,"14,787 ratings",4.5 out of 5 stars,https://m.media-amazon.com/images/I/71tf8hN2SjL._AC_SL1500_.jpg
B07CPS16L4,Apple Lightning to USB Cable (1 m),N/A,N/A,"80,564 ratings",4.7 out of 5 stars,https://m.media-amazon.com/images/I/51hhaBx5PCL._AC_SL1024_.jpg
B08NM2GF2V,"HP Wireless Mouse X3000 G2 (28Y30AA, Black) up to 15-month battery,scroll wheel, side grips for control, travel-friendly, Blue LED, powerful 1600 DPI optical sensor, Win XP,8, 11 compatible",N/A,N/A,"19,042 ratings",4.6 out of 5 stars,https://m.media-amazon.com/images/I/61hOgYUbUyL._AC_SL1500_.jpg
B0B1PR3TMD,[Apple MFi Certified] iPhone Charger Fast Charging 3 Pack 10 FT Lightning Cable Nylon Braided Long iPhone Charger Cord Compatible with iPhone 13 12 11 Pro Max XR XS X 8 7 6 Plus SE iPad and More,N/A,N/A,"5,191 ratings",4.5 out of 5 stars,https://m.media-amazon.com/images/I/713jkR6zEoL._SL1500_.jpg
B07T5SY43L,"HUANUO Dual Monitor Stand, Adjustable Spring Monitor Desk Mount for 17-27 inch, Dual Monitor Mount Holds Max 14.3lbs, Computer Monitor Arms with Wide Range of Motion for Home Office",N/A,N/A,"17,632 ratings",4.6 out of 5 stars,https://m.media-amazon.com/images/I/71oPdIcALXL._AC_SL1500_.jpg
B081VHSB2V,"SD Card Reader, uni USB C Memory Card Reader Adapter USB 3.0, Supports SD/Micro SD/SDHC/SDXC/MMC [Card Not Included], Compatible for MacBook Pro, MacBook Air, iPad Pro 2018, Galaxy S21",$11.99,$19.99,"15,412 ratings",4.6 out of 5 stars,https://m.media-amazon.com/images/I/51olZ+FM6RL._AC_US40_.jpg
B07MCYDD62,"Original HP 962 Cyan, Magenta, Yellow Ink Cartridges (3 Count -pack of 1) | Works with HP OfficeJet 9010 Series, HP OfficeJet Pro 9010, 9020 Series | Eligible for Instant Ink | 3YP00AN",N/A,N/A,"7,793 ratings",4.7 out of 5 stars,https://m.media-amazon.com/images/I/71XSbgnGXcS._AC_SL1500_.jpg
B071Y72MNW,"Original HP 64 Black Ink Cartridge | Works with HP ENVY Inspire 7950e; ENVY Photo 6200, 7100, 7800; Tango Series | Eligible for Instant Ink | N9J90AN",N/A,N/A,"28,070 ratings",4.7 out of 5 stars,https://m.media-amazon.com/images/I/71Xi93qqqdS._AC_SL1500_.jpg
B01BYKD628,"Original HP 902XL Black High-yield Ink Cartridge | Works with HP OfficeJet 6950, 6960 Series, HP OfficeJet Pro 6960, 6970 Series | Eligible for Instant Ink | T6M14AN",N/A,N/A,"20,925 ratings",4.7 out of 5 stars,https://m.media-amazon.com/images/I/71QsmlwPUTL._AC_SL1500_.jpg
B08J4HJ98L,SanDisk 32GB (Pack of 2) Ultra microSDHC UHS-I Memory Card (2x32GB) with Adapter - SDSQUA4-032G-GN6MT,$12.95,$15.99,"101,362 ratings",4.7 out of 5 stars,https://m.media-amazon.com/images/I/61sE6df4IgS._AC_SL1500_.jpg
B09X7CRKRZ,"SanDisk 256GB Extreme microSDXC UHS-I Memory Card with Adapter - Up to 190MB/s, C10, U3, V30, 4K, 5K, A2, Micro SD Card - SDSQXAV-256G-GN6MA",$26.06,$26.06,"37,802 ratings",4.8 out of 5 stars,https://m.media-amazon.com/images/I/719ZXZP+5LL._AC_SL1500_.jpg
B07232M876,"Amazon Basics USB 2.0 A-Male to Micro B Cable, 6 feet, Black",N/A,N/A,"81,198 ratings",4.6 out of 5 stars,https://m.media-amazon.com/images/I/61d84Q0UPtL._SL1500_.jpg
B072BYGKZZ,"Amazon Basics Computer Monitor TV Replacement Power Cord - 6-Foot, Black",$7.11,$7.11,"31,136 ratings",4.7 out of 5 stars,https://m.media-amazon.com/images/I/710SsyCVdhL._AC_SL1500_.jpg
B09TQXKWST,"iPhone 14 13 12 11 Fast Charger, [MFi Certified] 10 FT Long USB C to Lightning Cable with 20W USB C iPhone Rapid Charging Block, Adapter for iPhone 14 13 12 11 Pro/Mini/Pro Max/X/8/iPad, 2 Pack",$19.00,$19.00,"1,686 ratings",4.5 out of 5 stars,https://m.media-amazon.com/images/I/617DCgRnHxL._AC_SL1500_.jpg
B00SW9JI9A,"Moread HDMI to VGA Adapter, Gold-Plated HDMI to VGA Adapter (Male to Female) for Computer, Desktop, Laptop, PC, Monitor, Projector, HDTV, Chromebook, Raspberry Pi, Roku, Xbox and More - Black",N/A,N/A,"50,638 ratings",4.6 out of 5 stars,https://m.media-amazon.com/images/I/71nKG2w6ENL._AC_SL1500_.jpg
B09B1GXM16,"SAMSUNG EVO Select Micro SD-Memory-Card + Adapter, 256GB microSDXC 130MB/s Full HD & 4K UHD, UHS-I, U3, A2, V30, Expanded Storage for Android Smartphones, Tablets, Nintendo-Switch (MB-ME256KA/AM)",$24.99,$39.99,"44,480 ratings",4.7 out of 5 stars,https://m.media-amazon.com/images/I/71tK21fYkDL._AC_SL1500_.jpg
B07MK5DG9V,"Original HP 962XL Black High-yield Ink Cartridge | Works with HP OfficeJet 9010 Series, HP OfficeJet Pro 9010, 9020 Series | Eligible for Instant Ink | 3JA03AN",N/A,N/A,"7,778 ratings",4.8 out of 5 stars,https://m.media-amazon.com/images/I/71YnyARzfPS._AC_SL1500_.jpg
B082T6K8XX,"Amazon Basics ABS USB-A to Lightning Cable Cord, MFi Certified Charger for Apple iPhone 14 13 12 11 X Xs Pro, Pro Max, Plus, iPad, White, 6-Ft",N/A,N/A,"62,473 ratings",4.6 out of 5 stars,https://m.media-amazon.com/images/I/515hqvoNvlL._AC_SL1302_.jpg
B00L1G7LBI,"Original HP 62XL Black High-yield Ink | Works with HP ENVY 5540, 5640, 5660, 7640 Series, HP OfficeJet 5740, 8040 Series, HP OfficeJet Mobile 200, 250 Series | Eligible for Instant Ink | C2P05AN",N/A,N/A,"24,810 ratings",4.7 out of 5 stars,https://m.media-amazon.com/images/I/71Y0+glPuTL._AC_SL1500_.jpg
B076FPGWNZ,"JSAUX USB-C to USB A Cable 3.1A Fast Charging [2-Pack 6.6ft], USB Type C Charger Cord Compatible with Samsung Galaxy S20 S10 S9 S8 A73 A51 A13, Note 20 10, LG G8 G7, PS5 Controller USB C Charger-Red",$5.99,$5.99,"156,041 ratings",4.7 out of 5 stars,https://m.media-amazon.com/images/I/814lvrcxv4L._AC_SL1500_.jpg
B06X6H2WF7,Amazon Basics Mini Gaming Computer Mouse Pad - Black,$5.41,$5.41,"52,674 ratings",4.7 out of 5 stars,https://m.media-amazon.com/images/I/71I9assPTZL._AC_SL1484_.jpg
B08FBJYWTJ,"Amazon Basics 8K DisplayPort to DisplayPort 1.4 Cable with 4K@120Hz, 8K@60Hz Video Resolution, and HDR Support, 6 Feet",$10.79,$10.79,"4,520 ratings",4.7 out of 5 stars,https://m.media-amazon.com/images/I/61mQoqR+RwL._AC_SL1500_.jpg
B01H6GUCCQ,"BENGOO G9000 Stereo Gaming Headset for PS4 PC Xbox One PS5 Controller, Noise Cancelling Over Ear Headphones with Mic, LED Light, Bass Surround, Soft Memory Earmuffs for Laptop Mac Nintendo NES Games",$23.91,$23.91,"96,897 ratings",4.3 out of 5 stars,https://m.media-amazon.com/images/I/61CGHv6kmWL._AC_SL1000_.jpg
B09JR4B7TG,Apple USB-C to Lightning Cable (1 m),$14.13,$14.13,"12,913 ratings",4.8 out of 5 stars,https://m.media-amazon.com/images/I/61QHx7l9ukL._AC_SL1500_.jpg
B01644VWZM,"Original HP 62 Black/Tri-color Ink (2-pack) | Works with HP ENVY 5540, 5640, 5660, 7640 Series, HP OfficeJet 5740, 8040 Series, HP OfficeJet Mobile 200, 250 Series | Eligible for Instant Ink | N9H64FN",N/A,N/A,"22,416 ratings",4.7 out of 5 stars,https://m.media-amazon.com/images/I/71aoDu7OcyS._AC_SL1500_.jpg
B005EJH6RW,"Amazon Basics 3-Button Wired USB Computer Mouse, Black",N/A,N/A,"69,865 ratings",4.6 out of 5 stars,https://m.media-amazon.com/images/I/61i0CV-tKpL._AC_SL1500_.jpg
B00006HTZ0,"Belkin Large Mouse Pad, 8 Inch by 9 Inch, for Computer or Gaming Mouse Pad, Non-slip Base, Neoprene Backing and Jersey Surface for Smooth Mouse Control and Pinpoint Accuracy (Black)",$2.83,$7.99,"16,070 ratings",4.6 out of 5 stars,https://m.media-amazon.com/images/I/710L1ewi8YL._AC_SL1500_.jpg
B01BYKV8FK,"Original HP 65XL Black High-yield Ink Cartridge | Works with HP AMP 100 Series, HP DeskJet 2600, 3700 Series, HP ENVY 5000 Series | Eligible for Instant Ink | N9K04AN",N/A,N/A,"26,250 ratings",4.8 out of 5 stars,https://m.media-amazon.com/images/I/71uhraUK9BL._AC_SL1500_.jpg
B07QLXC6QR,"Cat8 Ethernet Cable, Outdoor&Indoor, 6FT Heavy Duty High Speed 26AWG Cat8 LAN Network Cable 40Gbps, 2000Mhz with Gold Plated RJ45 Connector, Weatherproof S/FTP UV Resistant for Router/Gaming/Modem",N/A,N/A,"53,290 ratings",4.7 out of 5 stars,https://m.media-amazon.com/images/I/611BhwbmZWL._SL1200_.jpg
B00L1G7K50,"Original HP 62 Black Ink Cartridge | Works with HP ENVY 5540, 5640, 5660, 7640 Series, HP OfficeJet 5740, 8040 Series, HP OfficeJet Mobile 200, 250 Series | Eligible for Instant Ink | C2P04AN",N/A,N/A,"27,853 ratings",4.7 out of 5 stars,https://m.media-amazon.com/images/I/71f50s2ZkRL._AC_SL1500_.jpg
B075X7TFY5,"Brother Genuine Standard Yield Toner Cartridge, TN730, Replacement Black Toner, Page Yield Up To 1,200 Pages, Amazon Dash Replenishment Cartridge,1 Pack",N/A,N/A,"11,369 ratings",4.7 out of 5 stars,https://m.media-amazon.com/images/I/7197bPYLO4L._AC_SL1500_.jpg
B0BG5N2BP1,USB C to Lightning Cable 3Pack 6 FT Apple MFi Certified iPhone Fast Charger Type c to Lightning Cable Nylon Braided iPhone Cord for iPhone 13 12 11 Pro Max Xr Xs 8 7 6 Plus and More,N/A,N/A,"1,733 ratings",4.6 out of 5 stars,https://m.media-amazon.com/images/I/81KPQ1tKcfL._SL1500_.jpg
B00E58RQ4Q,"Canon PG-245 Compatible to MG2525,MG3020,TR4520/4522,TS202,TS302,TS3120/3122,TS3320/3322 Printers",N/A,N/A,"44,745 ratings",4.7 out of 5 stars,https://m.media-amazon.com/images/I/51-KZS78erL._AC_SL1000_.jpg
B07DVCGX7G,"MROCO Ergonomic Mouse Pad with Wrist Support Gel Mouse Pad with Wrist Rest, Comfortable Computer Mouse Pad for Laptop, Pain Relief Mousepad with Non-slip PU Base for Office & Home, 9.4 x 8.1 in, Black",N/A,N/A,"20,147 ratings",4.7 out of 5 stars,https://m.media-amazon.com/images/I/810BRQazsqL._AC_SL1500_.jpg
B074L9L5KZ,"Logitech M170 Wireless Mouse, 2.4 GHz with USB Mini Receiver, Optical Tracking, 12-Months Battery Life, Ambidextrous PC/Mac/Laptop - Black",N/A,N/A,"33,628 ratings",4.5 out of 5 stars,https://m.media-amazon.com/images/I/51p1FOjU-lL._AC_SL1500_.jpg
B01BYKEEFQ,"Original HP 902 Cyan, Magenta, Yellow Ink Cartridges (3-pack) | Works with HP OfficeJet 6950, 6960 Series, HP OfficeJet Pro 6960, 6970 Series | Eligible for Instant Ink | T0A38AN",N/A,N/A,"17,613 ratings",4.6 out of 5 stars,https://m.media-amazon.com/images/I/71t7WIpfxyL._AC_SL1500_.jpg
B085VT1VJT,"Syntech USB C Female to USB Male Adapter Pack of 3 [Aluminum Shell, High Stability] Type C Charger Cable Power Converter Compatible with iPhone 14 Plus Pro Apple Watch Series 8 AirPods CarPlay, etc.",N/A,N/A,"42,541 ratings",4.6 out of 5 stars,https://m.media-amazon.com/images/I/81f0xKVMHoL._AC_SL1500_.jpg
B0722C491T,"Original HP 64XL Tri-color High-yield Ink Cartridge | Works with HP ENVY Inspire 7950e; ENVY Photo 6200, 7100, 7800; Tango Series | Eligible for Instant Ink | N9J91AN",N/A,N/A,"15,446 ratings",4.7 out of 5 stars,https://m.media-amazon.com/images/I/716oBYwjCyS._AC_SL1500_.jpg
B00QXT5T3U,"Logitech MK345 Wireless Combo Full-Sized Keyboard with Palm Rest and Comfortable Right-Handed Mouse, 2.4 GHz Wireless USB Receiver, Compatible with PC, Laptop",N/A,N/A,"34,619 ratings",4.5 out of 5 stars,https://m.media-amazon.com/images/I/61S0sV1a57L._AC_SL1500_.jpg
B07LF72431,"Elebase USB to USB C Adapter 4 Pack,Type C Female to A Male Charger Converter for Apple Watch Ultra iWatch 8 7,iPhone 14 13 12 11 Pro Plus Max,Airpods,iPad 9 10 Air 5 Mini 6,Samsung Galaxy S21 S22 S23",$7.99,$7.99,"25,836 ratings",4.6 out of 5 stars,https://m.media-amazon.com/images/I/61wvAxhOCRL._AC_SL1200_.jpg
B08Y999HBF,"Canon PG-275/CL-276 Multi Pack, Compatible to PIXMA TS3520, TS3522 and TR4720 Printers",N/A,N/A,"6,336 ratings",4.6 out of 5 stars,https://m.media-amazon.com/images/I/71Ws7eTIeeS._AC_SL1500_.jpg
B09DV56338,"Logitech Mouse Pad - Studio Series, Computer Mouse Mat with Anti-Slip Rubber Base, Easy Gliding, Spill-Resistant Surface, Durable Materials, Portable, in a Fresh Modern Design, Graphite",N/A,N/A,"3,728 ratings",4.7 out of 5 stars,https://m.media-amazon.com/images/I/81WQsjtppYL._AC_SL1500_.jpg
B09G5TSGXV,"iPhone Charger Lightning Cable,2 Pack Apple MFi Certified USB iPhone Fast Chargering Cord,Data Sync Transfer for 13/12/11 Pro Max Xs X XR 8 7 6 5 5s iPad iPod More Model Cell Phone Cables",N/A,N/A,"3,547 ratings",4.5 out of 5 stars,https://m.media-amazon.com/images/I/610-S24E0qL._AC_SL1500_.jpg
B087Z6LSHW,"Logitech M720 Triathlon Multi-Device Wireless Mouse, Bluetooth, USB Unifying Receiver, 1000 DPI, 8 Buttons, 2-Year Battery, Compatible with Laptop, PC, Mac, iPadOS - Black",$34.99,$34.99,"15,689 ratings",4.6 out of 5 stars,https://m.media-amazon.com/images/I/51pMqozCpML._AC_SL1500_.jpg
B09JW2194D,"iPhone Charger, 3 Packs 10FT 90 Degree Charging Cable MFi Certified USB Lightning Cable Nylon Braided Fast Charging Cord Compatible for iPhone 14/13/12/11/X/Max/8/7/6/6S/5/5S/SE/Plus/iPad (10FT)",N/A,N/A,"10,553 ratings",4.3 out of 5 stars,https://m.media-amazon.com/images/I/61a1wF966cL._AC_SL1000_.jpg
B09LCJPZ1P,"Anker 333 USB C to USB C Cable (6ft 100W, 2-Pack), USB 2.0 Type C Charging Cable Fast Charge for MacBook Pro 2020, iPad Pro 2020, iPad Air 4, Samsung Galaxy S21, Pixel, Switch, LG, and More (Black)",$17.73,$17.73,"7,069 ratings",4.7 out of 5 stars,https://m.media-amazon.com/images/I/81NNdgl36mL._AC_SL1500_.jpg
B07CRG94G3,"Seagate Portable 2TB External Hard Drive HDD — USB 3.0 for PC, Mac, PlayStation, & Xbox -1-Year Rescue Service (STGX2000400)",$61.99,$66.74,"236,558 ratings",4.7 out of 5 stars,https://m.media-amazon.com/images/I/81tjLksKixL._AC_SL1500_.jpg
B07MJW5BXZ,"Gotega External DVD Drive, USB 3.0 Portable CD/DVD +/-RW Drive/DVD Player for Laptop CD ROM Burner Compatible with Laptop Desktop PC Windows Linux OS Apple Mac Black",$18.76,$18.76,"44,559 ratings",4.3 out of 5 stars,https://m.media-amazon.com/images/I/61FN+08I9PL._AC_SL1500_.jpg
B0795DP124,"ARCTIC MX-4 (incl. Spatula, 4 g) - Premium Performance Thermal Paste for all processors (CPU, GPU - PC, PS4, XBOX), very high thermal conductivity, long durability, safe application, non-conductive",$8.99,$8.99,"47,974 ratings",4.8 out of 5 stars,https://m.media-amazon.com/images/I/61fpmJ4k5aL._AC_SL1500_.jpg
B08HN37XC1,"SanDisk 2TB Extreme Portable SSD - Up to 1050MB/s - USB-C, USB 3.2 Gen 2 - External Solid State Drive - SDSSDE61-2T00-G25",$149.99,$459.99,"37,193 ratings",4.7 out of 5 stars,https://m.media-amazon.com/images/I/71cxm1e19BL._AC_SL1500_.jpg
B07MFZXR1B,"Samsung 970 EVO Plus SSD 2TB NVMe M.2 Internal Solid State Hard Drive, V-NAND Technology, Storage and Memory Expansion for Gaming, Graphics w/ Heat Control, Max Speed, MZ-V7S2T0B/AM",$153.90,$499.99,"46,083 ratings",4.8 out of 5 stars,https://m.media-amazon.com/images/I/51Brl+iYtvL._AC_SL1001_.jpg
B07CRG7BBH,"Seagate Portable 1TB External Hard Drive HDD – USB 3.0 for PC, Mac, PlayStation, & Xbox, 1-Year Rescue Service (STGX1000400) , Black",$49.99,$49.99,"236,558 ratings",4.7 out of 5 stars,https://m.media-amazon.com/images/I/81tjLksKixL._AC_SL1500_.jpg
B07VS8QCXC,"Seagate Portable 5TB External Hard Drive HDD – USB 3.0 for PC, Mac, PS4, & Xbox - 1-Year Rescue Service (STGX5000400), Black",$104.99,$114.99,"236,558 ratings",4.7 out of 5 stars,https://m.media-amazon.com/images/I/61I6kB2sD6L._AC_SL1468_.jpg
B07MFZY2F2,"SAMSUNG 970 EVO Plus SSD 1TB NVMe M.2 Internal Solid State Hard Drive, V-NAND Technology, Storage and Memory Expansion for Gaming, Graphics w/ Heat Control, Max Speed, MZ-V7S1T0B/AM",$79.99,$99.99,"46,083 ratings",4.8 out of 5 stars,https://m.media-amazon.com/images/I/71OYNmVRFhL._AC_SL1500_.jpg
B08QBJ2YMG,"SAMSUNG 870 EVO SATA III SSD 1TB 2.5” Internal Solid State Drive, Upgrade PC or Laptop Memory and Storage for IT Pros, Creators, Everyday Users, MZ-77E1T0B/AM",$79.99,$89.99,"25,960 ratings",4.8 out of 5 stars,https://m.media-amazon.com/images/I/911ujeCkGfL._AC_SL1500_.jpg
B08RK2SR23,"SAMSUNG 980 PRO SSD 2TB PCIe NVMe Gen 4 Gaming M.2 Internal Solid State Drive Memory Card, Maximum Speed, Thermal Control, MZ-V8P2T0B",$189.99,$379.99,"22,530 ratings",4.8 out of 5 stars,https://m.media-amazon.com/images/I/71KeDAkw+0L._AC_SL1500_.jpg
B08GTYFC37,"SanDisk 1TB Extreme Portable SSD - Up to 1050MB/s - USB-C, USB 3.2 Gen 2 - External Solid State Drive - SDSSDE61-1T00-G25",$99.99,$249.99,"37,193 ratings",4.7 out of 5 stars,https://m.media-amazon.com/images/I/71wtYi+0t0L._AC_SL1500_.jpg
B08QB93S6R,SAMSUNG Electronics 870 EVO 2TB 2.5 Inch SATA III Internal SSD (MZ-77E2T0B/AM),$144.99,$259.99,"25,960 ratings",4.8 out of 5 stars,https://m.media-amazon.com/images/I/911ujeCkGfL._AC_SL1500_.jpg
B0143UM4TC,Corsair Vengeance LPX 16GB (2x8GB) DDR4 DRAM 3200MHz C16 Desktop Memory Kit - Black (CMK16GX4M2B3200C16),$46.99,$65.99,"75,321 ratings",4.8 out of 5 stars,https://m.media-amazon.com/images/I/41a2jzudKtL._AC_SL1006_.jpg
B079D3D8NR,"Toshiba Canvio Basics 2TB Portable External Hard Drive USB 3.0, Black - HDTB420XK3AA",$69.82,$69.82,"62,252 ratings",4.7 out of 5 stars,https://m.media-amazon.com/images/I/910A6B1Sa4L._AC_SL1500_.jpg
B0874XN4D8,"SAMSUNG SSD T7 Portable External Solid State Drive 1TB, Up to 1050MB/s, USB 3.2 Gen 2, Reliable Storage for Gaming, Students, Professionals, MU-PC1T0T/AM, Gray",$99.99,$139.99,"22,589 ratings",4.8 out of 5 stars,https://m.media-amazon.com/images/I/91YfRIy7kYL._AC_SL1500_.jpg
B09HKDQ1RN,"Western Digital 1TB WD Blue SN570 NVMe Internal Solid State Drive SSD - Gen3 x4 PCIe 8Gb/s, M.2 2280, Up to 3,500 MB/s - WDS100T3B0C",$57.99,$109.99,"9,706 ratings",4.8 out of 5 stars,https://m.media-amazon.com/images/I/61a+U9YhovL._AC_SL1500_.jpg
B09ZYQ84CM,"Western Digital 1TB WD Blue SA510 SATA Internal Solid State Drive SSD - SATA III 6 Gb/s, 2.5""/7mm, Up to 560 MB/s - WDS100T3B0A",$59.99,$99.99,"41,194 ratings",4.8 out of 5 stars,https://m.media-amazon.com/images/I/71HpqY5AJLL._AC_SL1500_.jpg
B08RSML1B8,"SanDisk 2TB Portable SSD - Up to 520MB/s, USB-C, USB 3.2 Gen 2 - SDSSDE30-2T00-G25",$139.99,$269.99,"3,800 ratings",4.6 out of 5 stars,https://m.media-amazon.com/images/I/51f+FaPiIKL._AC_SL1002_.jpg
B07DLRG9VH,External CD Drive USB 3.0 Portable CD DVD +/-RW Drive DVD/CD ROM Rewriter Burner Writer Compatible with Laptop Desktop PC Windows Mac Pro MacBook,N/A,N/A,"33,197 ratings",4.3 out of 5 stars,https://m.media-amazon.com/images/I/6119b01xtTL._AC_SL1500_.jpg
B09QV692XY,"WD_BLACK 1TB SN770 NVMe Internal Gaming SSD Solid State Drive - Gen4 PCIe, M.2 2280, Up to 5,150 MB/s - WDS100T3X0E",$69.99,$129.99,"3,072 ratings",4.8 out of 5 stars,https://m.media-amazon.com/images/I/51vNa5DEr4L._AC_SL1100_.jpg
B08QBMD6P4,"SAMSUNG 870 EVO SATA SSD 500GB 2.5” Internal Solid State Drive, Upgrade PC or Laptop Memory and Storage for IT Pros, Creators, Everyday Users, MZ-77E500B/AM",$49.99,$59.99,"25,960 ratings",4.8 out of 5 stars,https://m.media-amazon.com/images/I/911ujeCkGfL._AC_SL1500_.jpg
B06W55K9N6,"WD 2TB Elements Portable HDD, External Hard Drive, USB 3.0 for PC & Mac, Plug and Play Ready - WDBU6Y0020BBK-WESN",$61.99,$61.99,"126,447 ratings",4.7 out of 5 stars,https://m.media-amazon.com/images/I/41fJs1xw6bL._AC_SL1080_.jpg
B01N0TQPQB,"Kingston 480GB A400 SATA 3 2.5"" Internal SSD SA400S37/480G - HDD Replacement for Increase Performance",$25.99,$32.99,"183,743 ratings",4.8 out of 5 stars,https://m.media-amazon.com/images/I/91RL+MhTWbL._AC_SL1500_.jpg
B08C7BGV3D,Corsair 4000D Airflow Tempered Glass Mid-Tower ATX PC Case - Black,$94.99,$104.99,"9,876 ratings",4.8 out of 5 stars,https://m.media-amazon.com/images/I/81hL4tPkXZL._AC_SL1500_.jpg
B07ZPLM1R1,Corsair Vengeance LPX 32GB (2 X 16GB) DDR4 3600 (PC4-28800) C18 1.35V Desktop Memory - Black,$82.99,$117.99,"75,321 ratings",4.8 out of 5 stars,https://m.media-amazon.com/images/I/51DmAKBhmxL._AC_SL1200_.jpg
B01N5IB20Q,"Kingston 240GB A400 SATA 3 2.5"" Internal SSD SA400S37/240G - HDD Replacement for Increase Performance",$17.99,$21.99,"183,743 ratings",4.8 out of 5 stars,https://m.media-amazon.com/images/I/91RL+MhTWbL._AC_SL1500_.jpg
B08V83JZH4,"SAMSUNG 980 SSD 1TB PCle 3.0x4, NVMe M.2 2280, Internal Solid State Drive, Storage for PC, Laptops, Gaming and More, HMB Technology, Intelligent Turbowrite, Speeds of up-to 3,500MB/s, MZ-V8V1T0B/AM",$97.21,$97.21,"15,915 ratings",4.8 out of 5 stars,https://m.media-amazon.com/images/I/715OCunnZfL._AC_SL1500_.jpg
B08166SLDF,"AMD Ryzen 5 5600X 6-core, 12-Thread Unlocked Desktop Processor with Wraith Stealth Cooler",$166.00,$309.00,"18,778 ratings",4.8 out of 5 stars,https://m.media-amazon.com/images/I/61vGQNUEsGL._AC_SL1384_.jpg
B07RW6Z692,"Corsair Vengeance LPX 32GB (2X16GB) DDR4 3200 (PC4-25600) C16 1.35V Desktop Memory - Black, 2 count (pack of 1)",$83.99,$114.99,"75,321 ratings",4.8 out of 5 stars,https://m.media-amazon.com/images/I/518T3hrUY4L._AC_SL1200_.jpg
B07H2RR55Q,Seagate BarraCuda 2TB Internal Hard Drive HDD – 3.5 Inch SATA 6Gb/s 7200 RPM 256MB Cache – Frustration Free Packaging (ST2000DM008/ST2000DMZ08),$49.99,$58.99,"101,716 ratings",4.7 out of 5 stars,https://m.media-amazon.com/images/I/71Czt9ypIbL._AC_SL1500_.jpg
B07CG2PGY6,"Noctua NF-P12 redux-1700 PWM, High Performance Cooling Fan, 4-Pin, 1700 RPM (120mm, Grey)",N/A,N/A,"14,710 ratings",4.8 out of 5 stars,https://m.media-amazon.com/images/I/81ZUUX5VZsL._AC_SL1500_.jpg
B07CRGSR16,"Seagate Portable 4TB External Hard Drive HDD – USB 3.0 for PC, Mac, Xbox, & PlayStation - 1-Year Rescue Service (STGX4000400)",$99.99,$99.99,"236,558 ratings",4.7 out of 5 stars,https://m.media-amazon.com/images/I/71iIr9koTGL._AC_SL1500_.jpg
B07YD579WM,"Crucial BX500 1TB 3D NAND SATA 2.5-Inch Internal SSD, up to 540MB/s - CT1000BX500SSD1",$52.99,$89.99,"94,938 ratings",4.8 out of 5 stars,https://m.media-amazon.com/images/I/61dPLkN4poL._AC_SL1050_.jpg
B078211KBB,"Crucial MX500 1TB 3D NAND SATA 2.5 Inch Internal SSD, up to 560MB/s - CT1000MX500SSD1",$69.99,$99.99,"83,281 ratings",4.8 out of 5 stars,https://m.media-amazon.com/images/I/81rg-38AdJL._AC_SL1500_.jpg
B09JHKSNNG,"SAMSUNG 980 PRO SSD with Heatsink 2TB PCIe Gen 4 NVMe M.2 Internal Solid State Drive, Heat Control, Max Speed, PS5 Compatible, MZ-V8P2T0CW",$199.90,$199.90,"22,530 ratings",4.8 out of 5 stars,https://m.media-amazon.com/images/I/81L3oXKJFFL._AC_SL1500_.jpg
B08C511GQH,Crucial RAM 16GB DDR4 3200MHz CL22 (or 2933MHz or 2666MHz) Laptop Memory CT16G4SFRA32A,$41.99,$55.99,"21,769 ratings",4.8 out of 5 stars,https://m.media-amazon.com/images/I/71oz85Vv6mL._AC_SL1500_.jpg
B011F7W3LU,"Thermal Grizzly Kryonaut The High Performance Thermal Paste for Cooling All Processors, Graphics Cards and Heat Sinks in Computers and Consoles (1 Gram)",N/A,N/A,"41,759 ratings",4.8 out of 5 stars,https://m.media-amazon.com/images/I/411-MigJxfL._AC_SL1080_.jpg
B0B7CKZGN6,"WD_BLACK 2TB SN850X NVMe Internal Gaming SSD Solid State Drive with Heatsink - Works with Playstation 5, Gen4 PCIe, M.2 2280, Up to 7,300 MB/s - WDS200T2XHE",$199.99,$309.99,"11,961 ratings",4.8 out of 5 stars,https://m.media-amazon.com/images/I/71IZKPoBjOL._AC_SL1500_.jpg
B07KQ1T158,"Corsair TM30 Performance Thermal Paste | Ultra-Low Thermal Impedance CPU/GPU | 3 Grams|w/applicator, silver",$7.99,$7.99,"17,468 ratings",4.7 out of 5 stars,https://m.media-amazon.com/images/I/71PTBvDl23L._SL1500_.jpg
B07X41PWTY,"WD 5TB Elements Portable HDD, External Hard Drive, USB 3.0 for PC & Mac, Plug and Play Ready - WDBU6Y0050BBK-WESN",$113.54,$129.99,"126,447 ratings",4.7 out of 5 stars,https://m.media-amazon.com/images/I/61nnnmUQI5L._AC_SL1500_.jpg
B084JPFKQ5,"TP-Link AC1200 PCIe WiFi Card for PC (Archer T5E) - Bluetooth 4.2, Dual Band Wireless Network Card (2.4Ghz and 5Ghz) for Gaming, Streaming, Supports Windows 11/10, 8.1, 8, 7 (32/64-bit)",$29.99,$39.99,"7,678 ratings",4.6 out of 5 stars,https://m.media-amazon.com/images/I/415xhbxm8aL._AC_SL1000_.jpg
B08GLX7TNT,"SAMSUNG 980 PRO SSD 1TB PCIe 4.0 NVMe Gen 4 Gaming M.2 Internal Solid State Drive Memory Card, Maximum Speed, Thermal Control, MZ-V8P1T0B",$129.99,$209.99,"22,530 ratings",4.8 out of 5 stars,https://m.media-amazon.com/images/I/713h+shZfQL._AC_SL1500_.jpg
B07L9BDY3T,"ARCTIC MX-4 (4 g) - Premium Performance Thermal Paste for all processors (CPU, GPU - PC, PS4, XBOX), very high thermal conductivity, long durability, safe application, non-conductive, non-capacitive",$6.99,$8.99,"64,191 ratings",4.8 out of 5 stars,https://m.media-amazon.com/images/I/61j5yphfhXL._AC_SL1500_.jpg
B08SQRF8MJ,Corsair Vengeance RGB Pro SL 32GB (2x16GB) DDR4 3600 (PC4-28800) C18 1.35V Desktop Memory - White (CMH32GX4M2D3600C18W),$94.99,$134.99,"1,322 ratings",4.8 out of 5 stars,https://m.media-amazon.com/images/I/71DkL7k9yjL._AC_SL1500_.jpg
B07VTFN6HM,"WD 2TB My Passport Portable External Hard Drive with backup software and password protection, Black - WDBYVG0020BBK-WESN",$52.86,$79.99,"77,620 ratings",4.6 out of 5 stars,https://m.media-amazon.com/images/I/418I1gX3FFL._AC_SL1080_.jpg
B0B25LQQPC,"Crucial P3 500GB PCIe Gen3 3D NAND NVMe M.2 SSD, up to 3500MB/s - CT500P3SSD8",$36.99,$49.99,"2,735 ratings",4.7 out of 5 stars,https://m.media-amazon.com/images/I/51XuNS7R-lL._AC_SL1500_.jpg
B01D8KOZF4,ELEGOO UNO Project Super Starter Kit with Tutorial and UNO R3 Compatible with Arduino IDE,N/A,N/A,"13,043 ratings",4.7 out of 5 stars,https://m.media-amazon.com/images/I/81itBMd1hzL._SL1500_.jpg
B07VNTFHD5,"WD_BLACK 5TB P10 Game Drive - Portable External Hard Drive HDD, Compatible with Playstation, Xbox, PC, & Mac - WDBA3A0050BBK-WESN",$119.99,$149.99,"30,849 ratings",4.7 out of 5 stars,https://m.media-amazon.com/images/I/91nz8ViqVLL._AC_SL1500_.jpg
B09VCHQHZ6,"AMD Ryzen™ 7 5700X 8-Core, 16-Thread Unlocked Desktop Processor",$189.00,$299.00,"1,533 ratings",4.8 out of 5 stars,https://m.media-amazon.com/images/I/51V90kcYatL._AC_SL1073_.jpg
B08C4Z69LN,Crucial RAM 8GB DDR4 3200MHz CL22 (or 2933MHz or 2666MHz) Laptop Memory CT8G4SFRA32A,$21.99,$27.99,"21,769 ratings",4.8 out of 5 stars,https://m.media-amazon.com/images/I/71exOjbZWiL._AC_SL1280_.jpg
B0B7CMZ3QH,"WD_BLACK 2TB SN850X NVMe Internal Gaming SSD Solid State Drive - Gen4 PCIe, M.2 2280, Up to 7,300 MB/s - WDS200T2X0E",$179.99,$289.99,"11,961 ratings",4.8 out of 5 stars,https://m.media-amazon.com/images/I/61u-w0nMDTL._AC_SL1500_.jpg
B0BCF54SR1,"Intel Core i9-13900K Desktop Processor 24 cores (8 P-cores + 16 E-cores) 36M Cache, up to 5.8 GHz",$589.13,$629.99,166 ratings,4.6 out of 5 stars,https://m.media-amazon.com/images/I/61uI+orDOZL._AC_SL1500_.jpg
B092L9GF5N,AMD Ryzen 5 5600G 6-Core 12-Thread Unlocked Desktop Processor with Radeon Graphics,N/A,N/A,"9,974 ratings",4.8 out of 5 stars,https://m.media-amazon.com/images/I/51f2hkWjTlL._AC_SL1200_.jpg
B0B4SWQ39Y,"WD_BLACK 2TB SN850 NVMe SSD for PS5 Consoles Solid State Drive with Heatsink - Gen4 PCIe, M.2 2280, Up to 7,000 MB/s - WDBBKW0020BBK-WRSN",$219.99,$299.99,"1,047 ratings",4.8 out of 5 stars,https://m.media-amazon.com/images/I/61kZjFZRlYL._AC_SL1448_.jpg
B01EV70C78,"ELEGOO 120pcs Multicolored Dupont Wire 40pin Male to Female, 40pin Male to Male, 40pin Female to Female Breadboard Jumper Wires Ribbon Cables Kit Compatible with Arduino Projects",N/A,N/A,"10,194 ratings",4.7 out of 5 stars,https://m.media-amazon.com/images/I/81lyrrBqMIL._AC_SL1500_.jpg
B096SQK922,External DVD Drive USB 3.0 Type-C CD Burner Portable CD DVD +/-RW Drive DVD Player for Laptop CD ROM Rewriter Burner Compatible with Laptop Desktop PC Windows MacBook Mac Linux Mac OS,N/A,N/A,"4,745 ratings",4.2 out of 5 stars,https://m.media-amazon.com/images/I/71DV53wvnBL._AC_SL1500_.jpg
B09NCNF2ZQ,CORSAIR Vengeance DDR5 32GB (2x16GB) DDR5 5600 (PC5-44800) C36 1.25V Intel XMP Memory - Black,$129.99,$224.99,527 ratings,4.8 out of 5 stars,https://m.media-amazon.com/images/I/71W0l9URZOL._AC_SL1500_.jpg
B014W3EM2W,"Thermaltake Smart 500W 80+ White Certified PSU, Continuous Power with 120mm Ultra Quiet Cooling Fan, ATX 12V V2.3/EPS 12V Active PFC Power Supply PS-SPD-0500NPCWUS-W",$34.99,$44.99,"18,933 ratings",4.6 out of 5 stars,https://m.media-amazon.com/images/I/71Skecnsn-L._AC_SL1500_.jpg
B091J3NYVF,"AMD Ryzen 7 5700G 8-Core, 16-Thread Unlocked Desktop Processor with Radeon Graphics",$178.00,$359.00,"3,760 ratings",4.8 out of 5 stars,https://m.media-amazon.com/images/I/51D3DrDmwkL._AC_SL1000_.jpg
B09VCJ2SHD,"AMD Ryzen™ 7 5800X3D 8-core, 16-Thread Desktop Processor with AMD 3D V-Cache™ Technology",$323.00,$449.00,"1,222 ratings",4.8 out of 5 stars,https://m.media-amazon.com/images/I/61Kq99IRdcL._AC_SL1000_.jpg
B0713WPGLL,"WD 4TB Elements Portable HDD, External Hard Drive, USB 3.0 for PC & Mac, Plug and Play Ready - ‎WDBU6Y0040BBK-WESN",$99.99,$139.99,"126,447 ratings",4.7 out of 5 stars,https://m.media-amazon.com/images/I/41fJs1xw6bL._AC_SL1080_.jpg
B08R5JPTMZ,"Corsair RMx Series (2021), RM850x, 850 Watt, GOLD, Fully Modular Power Supply (CP-9020200-NA)",$149.99,$149.99,"4,243 ratings",4.7 out of 5 stars,https://m.media-amazon.com/images/I/81k55rfk1iL._AC_SL1500_.jpg
B08W8DGK3X,"ZOTAC Gaming GeForce RTX 3060 Twin Edge OC 12GB GDDR6 192-bit 15 Gbps PCIE 4.0 Graphics Card, IceStorm 2.0 Cooling, Active Fan Control, Freeze Fan Stop ZT-A30600H-10M",$358.59,$399.99,"2,450 ratings",4.6 out of 5 stars,https://m.media-amazon.com/images/I/7156DLyUsYL._AC_SL1500_.jpg
B09V1KJ3J4,"Elgato HD60 X External Capture Card - Stream and record in 1080p60 HDR10 or 4K30 HDR10 with ultra-low latency on PS5, PS4/Pro, Xbox Series X/S, Xbox One X/S, in OBS and more, works with PC and Mac",$179.49,$199.99,"3,938 ratings",4.6 out of 5 stars,https://m.media-amazon.com/images/I/51M6As4xKlL._AC_SL1000_.jpg
B002CQU14A,"Noctua NT-H1 3.5g, Pro-Grade Thermal Compound Paste (3.5g)",$10.99,$10.99,"25,905 ratings",4.8 out of 5 stars,https://m.media-amazon.com/images/I/7166oBCV+PL._AC_SL1500_.jpg
B09QV5KJHV,"WD_BLACK 2TB SN770 NVMe Internal Gaming SSD Solid State Drive - Gen4 PCIe, M.2 2280, Up to 5,150 MB/s - WDS200T3X0E",$134.99,$149.99,"3,072 ratings",4.8 out of 5 stars,https://m.media-amazon.com/images/I/71Sr1zjPhwL._AC_SL1500_.jpg
B09ZYPTXS4,"Western Digital 500GB WD Blue SA510 SATA Internal Solid State Drive SSD - SATA III 6 Gb/s, 2.5""/7mm, Up to 560 MB/s - WDS500G3B0A",$39.99,$74.99,"41,194 ratings",4.8 out of 5 stars,https://m.media-amazon.com/images/I/71HpqY5AJLL._AC_SL1500_.jpg
B0874XWW23,"SAMSUNG T7 2TB, Portable SSD, up to 1050MB/s, USB 3.2 Gen2, Gaming, Students, & Professionals, External Solid State Drive (MU-PC2T0T/AM), Gray",$169.99,$269.99,"22,589 ratings",4.8 out of 5 stars,https://m.media-amazon.com/images/I/91YfRIy7kYL._AC_SL1500_.jpg
B0B7CKVCCV,"WD_BLACK 1TB SN850X NVMe Internal Gaming SSD Solid State Drive - Gen4 PCIe, M.2 2280, Up to 7,300 MB/s - WDS100T2X0E",$99.99,$159.99,"11,961 ratings",4.8 out of 5 stars,https://m.media-amazon.com/images/I/61u-w0nMDTL._AC_SL1500_.jpg
B09FPJL1KY,"nkomax Graphics Card GPU Brace Support, Video Card Sag Holder Bracket, GPU Stand, L",N/A,N/A,"1,227 ratings",4.7 out of 5 stars,https://m.media-amazon.com/images/I/312BAnEbBmL._AC_SL1100_.jpg
B00IRV005E,"LaCie Rugged Mini 2TB External Hard Drive Portable HDD - USB 3.0 / 2.0 Compatible, Drop Shock Dust Rain Resistant Shuttle Drive, For Mac And PC Computer (LAC9000298), orange",$99.99,$109.99,"7,122 ratings",4.7 out of 5 stars,https://m.media-amazon.com/images/I/81ZFDGvaGZL._AC_SL1500_.jpg
B003J5JB12,"Crucial MX500 2TB 3D NAND SATA 2.5 Inch Internal SSD, up to 560MB/s - CT2000MX500SSD1",$149.25,$199.99,"83,281 ratings",4.8 out of 5 stars,https://m.media-amazon.com/images/I/81rg-38AdJL._AC_SL1500_.jpg
B0145WDNF2,Timetec 16GB KIT(2x8GB) DDR3L / DDR3 1600MHz (DDR3L-1600) PC3L-12800 / PC3-12800 Non-ECC Unbuffered 1.35V/1.5V CL11 2Rx8 Dual Rank 204 Pin SODIMM Laptop Notebook PC Computer Memory RAM Module Upgrade,$24.99,$24.99,"19,834 ratings",4.7 out of 5 stars,https://m.media-amazon.com/images/I/71tovgbX0zL._AC_SL1500_.jpg
B07RS11M1T,"DUKABEL USB to 3.5mm Jack Audio Adapter, USB to Aux Cable with TRRS 4-Pole Mic-Supported USB to Headphone AUX Adapter Built-in Chip External Sound Card for PC PS4 PS5 and More [9.8 inch]",$9.68,$9.68,"7,117 ratings",4.5 out of 5 stars,https://m.media-amazon.com/images/I/71lXX47Xp8S._AC_SL1500_.jpg
B00ODDE33U,LG Electronics 8X USB 2.0 Super Multi Ultra Slim Portable DVD Writer Drive +/-RW External Drive with M-DISC Support (Black) GP65NB60,$26.99,$29.99,"12,262 ratings",4.5 out of 5 stars,https://m.media-amazon.com/images/I/71eQwgWWgxL._AC_SL1500_.jpg
B08GV4YYV7,"SanDisk 2TB Extreme PRO Portable SSD - Up to 2000MB/s - USB-C, USB 3.2 Gen 2x2 - External Solid State Drive - SDSSDE81-2T00-G25",$199.99,$219.99,"7,208 ratings",4.7 out of 5 stars,https://m.media-amazon.com/images/I/71RptjoDf4L._AC_SL1500_.jpg
B07Q3DLCJ4,"M.2 Screw Kit,NVMe Screw m.2 SSD Mounting Kit，Compatible ASUS Motherboard",N/A,N/A,"6,512 ratings",4.7 out of 5 stars,https://m.media-amazon.com/images/I/61k1Bt8SmGL._SL1500_.jpg
B09VLK9W3S,"SAMSUNG T7 Shield 1TB, Portable SSD, up to 1050MB/s, USB 3.2 Gen2, Rugged, IP65 Rated, for Photographers, Content Creators and Gaming, External Solid State Drive (MU-PE1T0S/AM, 2022), Black",$99.99,$159.99,"3,082 ratings",4.8 out of 5 stars,https://m.media-amazon.com/images/I/61CKrZWOcrL._AC_SL1500_.jpg
B09VDLH5M6,"ARCTIC MX-6 (8 g) - Ultimate Performance Thermal Paste for CPU, Consoles, Graphics Cards, Laptops, Very High Hhermal Conductivity, Long Durability, Non-Conductive, Non-Capacitive (ACTCP00081A)",N/A,N/A,124 ratings,4.6 out of 5 stars,https://m.media-amazon.com/images/I/4196eO0qQbL._AC_SL1200_.jpg
B08K3S6WJM,Seagate Storage Expansion Card for Xbox Series X|S 1TB Solid State Drive - NVMe Expansion SSD (STJR1000400),$199.99,$219.99,"13,318 ratings",4.8 out of 5 stars,https://m.media-amazon.com/images/I/61MGrHUMWzL._AC_SL1500_.jpg
B09BC44T8K,"ORIGBELIE External CD DVD Drive, Ultra Slim CD Burner USB 3.0 with 4 USB Ports and 2 TF/SD Card Slots, Optical Disk Drive for Laptop Mac, PC Windows 11/10/8/7 Linux OS",$28.21,$28.21,"2,683 ratings",4.3 out of 5 stars,https://m.media-amazon.com/images/I/71S4-hZQDLL._AC_SL1500_.jpg
B08R5W27JS,"Corsair RMX Series (2021), RM750x, 750 Watt, Gold, Fully Modular Power Supply",$119.99,$139.99,"4,243 ratings",4.7 out of 5 stars,https://m.media-amazon.com/images/I/816hgUgi5xL._AC_SL1500_.jpg
B08G1NSG7F,Corsair iCUE H100i Elite Capellix Liquid CPU Cooler,$148.99,$148.99,"3,540 ratings",4.7 out of 5 stars,https://m.media-amazon.com/images/I/7110X8291ML._AC_SL1500_.jpg
B07B4G19X3,"SP 1TB SSD 3D NAND A55 SLC Cache Performance Boost SATA III 2.5"" 7mm (0.28"") Internal Solid State Drive (SP001TBSS3A55S25)",N/A,N/A,"5,649 ratings",4.7 out of 5 stars,https://m.media-amazon.com/images/I/71vlEYj7QXL._AC_SL1500_.jpg
B0BBWH1R8H,Kingston NV2 1TB M.2 2280 NVMe Internal SSD | PCIe 4.0 Gen 4x4 | Up to 3500 MB/s | SNV2S/1000G,$50.99,$59.99,"1,402 ratings",4.6 out of 5 stars,https://m.media-amazon.com/images/I/71NfMZKkpQL._AC_SL1500_.jpg
B08VH8R94B,"Western Digital 2TB WD Blue PC Internal Hard Drive - 7200 RPM Class, SATA 6 Gb/s, 256 MB Cache, 3.5"" - WD20EZBX",$49.99,$74.99,"37,022 ratings",4.7 out of 5 stars,https://m.media-amazon.com/images/I/514DyIKQYYL._AC_SL1280_.jpg
B07RM39V5F,Corsair Vengeance LPX 16GB (2 X 8GB) DDR4 3600 MHz (PC4-28800) C18 1.35V Desktop Memory - Black (CMK16GX4M2D3600C18),$52.99,$67.99,"75,321 ratings",4.8 out of 5 stars,https://m.media-amazon.com/images/I/51cbs7SW8JS._AC_SL1200_.jpg
B07Y87YHRH,"Noctua NH-D15 chromax.Black, Dual-Tower CPU Cooler (140mm, Black)",N/A,N/A,"10,192 ratings",4.8 out of 5 stars,https://m.media-amazon.com/images/I/91t48GBv8TL._AC_SL1500_.jpg
B07YD5TK4F,"Crucial X8 1TB Portable SSD – Up to 1050MB/s – USB 3.2 – External Solid State Drive, USB-C, USB-A – CT1000X8SSD9",$79.99,$79.99,"8,051 ratings",4.6 out of 5 stars,https://m.media-amazon.com/images/I/51fTiMLyByL._AC_SL1500_.jpg
B07ZGJVTZK,Silicon Power 1TB - NVMe M.2 PCIe Gen3x4 2280 SSD (SP001TBP34A60M28),$42.62,$42.62,"2,336 ratings",4.6 out of 5 stars,https://m.media-amazon.com/images/I/61lvL0XLcJL._AC_SL1200_.jpg
B0B1NRGDQ4,"TP-Link WiFi 6 PCIe WiFi Card for Desktop PC AX3000 (Archer TX55E), Bluetooth 5.2, WPA3, 802.11ax Dual Band Wireless Adapter with MU-MIMO, Ultra-Low Latency, Supports Windows 11, 10 (64bit) Only",$39.99,$44.99,420 ratings,4.6 out of 5 stars,https://m.media-amazon.com/images/I/513FfctgOBL._AC_SL1500_.jpg
B016498CK0,"Corsair Dual SSD Mounting Bracket (3.5” Internal Drive Bay to 2.5"", Easy Installation) Black",$6.99,$9.99,"23,880 ratings",4.7 out of 5 stars,https://m.media-amazon.com/images/I/71eurjGJ8iL._AC_SL1500_.jpg
B08ZD81HDR,"PCIe NVMe M.2 SSD Mounting Screws Kit for Asus Gigabyte ASRock Msi Motherboards, 30pcs",N/A,N/A,"1,184 ratings",4.7 out of 5 stars,https://m.media-amazon.com/images/I/71ZMeaeRNhL._SL1500_.jpg
B07D1XCKWW,Corsair Vengeance RGB PRO 16GB (2x8GB) DDR4 3200MHz C16 LED Desktop Memory - Black,$66.99,$77.99,"38,419 ratings",4.9 out of 5 stars,https://m.media-amazon.com/images/I/71Kkm5nIRKL._AC_SL1500_.jpg
B0BRZ9XTDZ,"External Hard Drive 16TB, Portable Hard Drive 16TB - Ultra High-Speed SSD External Hard Drive with Reading Speeds up to 500Mb/s, 16 Terabyte External Hard Drive Storage for Mac/Windows",N/A,N/A,N/A,N/A,https://m.media-amazon.com/images/I/41glxp24pvL._AC_SL1080_.jpg
B09VLHR4JC,"SAMSUNG T7 Shield 2TB, Portable SSD, up-to 1050MB/s, USB 3.2 Gen2, Rugged, IP65 Water & Dust Resistant, for Photographers, Content Creators and Gaming, Extenal Solid State Drive (MU-PE2T0S/AM), Black",$169.99,$179.99,"3,082 ratings",4.8 out of 5 stars,https://m.media-amazon.com/images/I/61ZK-7Vt6WL._AC_SL1500_.jpg
B07ZV2CJL2,"TP-Link WiFi 6 AX3000 PCIe WiFi Card (Archer TX3000E), Up to 2400Mbps, Bluetooth 5.2, 802.11AX Dual Band Wireless Adapter with MU-MIMO,OFDMA,Ultra-Low Latency, Supports Windows 11, 10 (64bit) only",$49.99,$59.99,"8,061 ratings",4.7 out of 5 stars,https://m.media-amazon.com/images/I/61bqY3pGI1L._AC_SL1500_.jpg
B011K4XZQ0,Apple USB SuperDrive,$58.35,$58.35,"4,882 ratings",4.6 out of 5 stars,https://m.media-amazon.com/images/I/41Av6N6WfNL._AC_SL1000_.jpg
B08RX4QKXS,"SanDisk 4TB Extreme Portable SSD - Up to 1050MB/s - USB-C, USB 3.2 Gen 2 - External Solid State Drive - SDSSDE61-4T00-G25",$319.99,$699.99,"37,193 ratings",4.7 out of 5 stars,https://m.media-amazon.com/images/I/71cxm1e19BL._AC_SL1500_.jpg
B09QVPCJN2,"WD_BLACK 500GB SN770 NVMe Internal Gaming SSD Solid State Drive - Gen4 PCIe, M.2 2280, Up to 4,000 MB/s - WDS500G3X0E",$39.99,$79.99,"3,072 ratings",4.8 out of 5 stars,https://m.media-amazon.com/images/I/71Sr1zjPhwL._AC_SL1500_.jpg
B015CH1PJU,SanDisk 128GB Ultra Flair USB 3.0 Flash Drive - SDCZ73-128G-G46,$11.99,$12.99,"149,308 ratings",4.7 out of 5 stars,https://m.media-amazon.com/images/I/41IhYxnGIvL._AC_SL1000_.jpg
B07CRG94G3,"Seagate Portable 2TB External Hard Drive HDD — USB 3.0 for PC, Mac, PlayStation, & Xbox -1-Year Rescue Service (STGX2000400)",$61.99,$66.74,"236,558 ratings",4.7 out of 5 stars,https://m.media-amazon.com/images/I/81tjLksKixL._AC_SL1500_.jpg
B07D7PDLXC,"SAMSUNG FIT Plus 3.1 USB Flash Drive, 128GB, 400MB/s, Plug In and Stay, Storage Expansion for Laptop, Tablet, Smart TV, Car Audio System, Gaming Console, MUF-128AB/AM",$14.99,$44.99,"27,651 ratings",4.7 out of 5 stars,https://m.media-amazon.com/images/I/716RHDBFzXL._AC_SL1000_.jpg
B082ZGHXK8,SamData 32GB USB Flash Drives 2 Pack 32GB Thumb Drives Memory Stick Jump Drive with LED Light for Storage and Backup (2 Colors: Black Blue),N/A,N/A,"23,251 ratings",4.6 out of 5 stars,https://m.media-amazon.com/images/I/71ULtE83xWL._AC_SL1500_.jpg
B08HN37XC1,"SanDisk 2TB Extreme Portable SSD - Up to 1050MB/s - USB-C, USB 3.2 Gen 2 - External Solid State Drive - SDSSDE61-2T00-G25",$149.99,$459.99,"37,193 ratings",4.7 out of 5 stars,https://m.media-amazon.com/images/I/71cxm1e19BL._AC_SL1500_.jpg
B07MFZXR1B,"Samsung 970 EVO Plus SSD 2TB NVMe M.2 Internal Solid State Hard Drive, V-NAND Technology, Storage and Memory Expansion for Gaming, Graphics w/ Heat Control, Max Speed, MZ-V7S2T0B/AM",$153.90,$499.99,"46,083 ratings",4.8 out of 5 stars,https://m.media-amazon.com/images/I/51Brl+iYtvL._AC_SL1001_.jpg
B07CRG7BBH,"Seagate Portable 1TB External Hard Drive HDD – USB 3.0 for PC, Mac, PlayStation, & Xbox, 1-Year Rescue Service (STGX1000400) , Black",$49.99,$49.99,"236,558 ratings",4.7 out of 5 stars,https://m.media-amazon.com/images/I/81tjLksKixL._AC_SL1500_.jpg
B07VS8QCXC,"Seagate Portable 5TB External Hard Drive HDD – USB 3.0 for PC, Mac, PS4, & Xbox - 1-Year Rescue Service (STGX5000400), Black",$104.99,$114.99,"236,558 ratings",4.7 out of 5 stars,https://m.media-amazon.com/images/I/61I6kB2sD6L._AC_SL1468_.jpg
B07MFZY2F2,"SAMSUNG 970 EVO Plus SSD 1TB NVMe M.2 Internal Solid State Hard Drive, V-NAND Technology, Storage and Memory Expansion for Gaming, Graphics w/ Heat Control, Max Speed, MZ-V7S1T0B/AM",$79.99,$99.99,"46,083 ratings",4.8 out of 5 stars,https://m.media-amazon.com/images/I/71OYNmVRFhL._AC_SL1500_.jpg
B09WB2RPS4,"SAMSUNG Type-C™ USB Flash Drive, 128GB, Transfers 4GB Files in 11 Secs w/ Up to 400MB/s 3.13 Read Speeds, Compatible w/ USB 3.0 / 2.0, Waterproof, 2022",$16.99,$22.99,"1,523 ratings",4.6 out of 5 stars,https://m.media-amazon.com/images/I/817xK9Cd6JL._AC_SL1500_.jpg
B08QBJ2YMG,"SAMSUNG 870 EVO SATA III SSD 1TB 2.5” Internal Solid State Drive, Upgrade PC or Laptop Memory and Storage for IT Pros, Creators, Everyday Users, MZ-77E1T0B/AM",$79.99,$89.99,"25,960 ratings",4.8 out of 5 stars,https://m.media-amazon.com/images/I/911ujeCkGfL._AC_SL1500_.jpg
B08RK2SR23,"SAMSUNG 980 PRO SSD 2TB PCIe NVMe Gen 4 Gaming M.2 Internal Solid State Drive Memory Card, Maximum Speed, Thermal Control, MZ-V8P2T0B",$189.99,$379.99,"22,530 ratings",4.8 out of 5 stars,https://m.media-amazon.com/images/I/71KeDAkw+0L._AC_SL1500_.jpg
B08GTYFC37,"SanDisk 1TB Extreme Portable SSD - Up to 1050MB/s - USB-C, USB 3.2 Gen 2 - External Solid State Drive - SDSSDE61-1T00-G25",$99.99,$249.99,"37,193 ratings",4.7 out of 5 stars,https://m.media-amazon.com/images/I/71wtYi+0t0L._AC_SL1500_.jpg
B08QB93S6R,SAMSUNG Electronics 870 EVO 2TB 2.5 Inch SATA III Internal SSD (MZ-77E2T0B/AM),$144.99,$259.99,"25,960 ratings",4.8 out of 5 stars,https://m.media-amazon.com/images/I/911ujeCkGfL._AC_SL1500_.jpg
B01EZ0X55C,"SanDisk 128GB Ultra Dual Drive USB Type-C - USB-C, USB 3.1 - SDDDC2-128G-G46",$15.99,$59.99,"84,539 ratings",4.6 out of 5 stars,https://m.media-amazon.com/images/I/61N2p3aTAYL._AC_SL1500_.jpg
B079D3D8NR,"Toshiba Canvio Basics 2TB Portable External Hard Drive USB 3.0, Black - HDTB420XK3AA",$69.82,$69.82,"62,252 ratings",4.7 out of 5 stars,https://m.media-amazon.com/images/I/910A6B1Sa4L._AC_SL1500_.jpg
B0874XN4D8,"SAMSUNG SSD T7 Portable External Solid State Drive 1TB, Up to 1050MB/s, USB 3.2 Gen 2, Reliable Storage for Gaming, Students, Professionals, MU-PC1T0T/AM, Gray",$99.99,$139.99,"22,589 ratings",4.8 out of 5 stars,https://m.media-amazon.com/images/I/91YfRIy7kYL._AC_SL1500_.jpg
B09HKDQ1RN,"Western Digital 1TB WD Blue SN570 NVMe Internal Solid State Drive SSD - Gen3 x4 PCIe 8Gb/s, M.2 2280, Up to 3,500 MB/s - WDS100T3B0C",$57.99,$109.99,"9,706 ratings",4.8 out of 5 stars,https://m.media-amazon.com/images/I/61a+U9YhovL._AC_SL1500_.jpg
B09ZYQ84CM,"Western Digital 1TB WD Blue SA510 SATA Internal Solid State Drive SSD - SATA III 6 Gb/s, 2.5""/7mm, Up to 560 MB/s - WDS100T3B0A",$59.99,$99.99,"41,194 ratings",4.8 out of 5 stars,https://m.media-amazon.com/images/I/71HpqY5AJLL._AC_SL1500_.jpg
B08RSML1B8,"SanDisk 2TB Portable SSD - Up to 520MB/s, USB-C, USB 3.2 Gen 2 - SDSSDE30-2T00-G25",$139.99,$269.99,"3,800 ratings",4.6 out of 5 stars,https://m.media-amazon.com/images/I/51f+FaPiIKL._AC_SL1002_.jpg
B07857Y17V,SanDisk 256GB Ultra Fit USB 3.1 Flash Drive - SDCZ430-256G-G46,$17.99,$19.99,"116,354 ratings",4.6 out of 5 stars,https://m.media-amazon.com/images/I/91hj35fWtUL._AC_SL1500_.jpg
B09QV692XY,"WD_BLACK 1TB SN770 NVMe Internal Gaming SSD Solid State Drive - Gen4 PCIe, M.2 2280, Up to 5,150 MB/s - WDS100T3X0E",$69.99,$129.99,"3,072 ratings",4.8 out of 5 stars,https://m.media-amazon.com/images/I/51vNa5DEr4L._AC_SL1100_.jpg
B08HSS37H7,SanDisk 32GB 3-Pack Ultra USB 3.0 Flash Drive 32GB (Pack of 3) - SDCZ48-032G-GAM46T,$15.99,$23.99,"128,984 ratings",4.7 out of 5 stars,https://m.media-amazon.com/images/I/61-kcp7fL9S._AC_SL1500_.jpg
B08QBMD6P4,"SAMSUNG 870 EVO SATA SSD 500GB 2.5” Internal Solid State Drive, Upgrade PC or Laptop Memory and Storage for IT Pros, Creators, Everyday Users, MZ-77E500B/AM",$49.99,$59.99,"25,960 ratings",4.8 out of 5 stars,https://m.media-amazon.com/images/I/911ujeCkGfL._AC_SL1500_.jpg
B09K7FBSHM,"Aiibe 64GB Flash Drive 2 Pack 64GB USB Flash Drive Thumb Drive Zip Drive USB 2.0 Memory Stick USB Drive with Keychain (64G, 2 Colors: Black Green)",N/A,N/A,"1,750 ratings",4.5 out of 5 stars,https://m.media-amazon.com/images/I/618IWD2QvcL._AC_SL1500_.jpg
B06W55K9N6,"WD 2TB Elements Portable HDD, External Hard Drive, USB 3.0 for PC & Mac, Plug and Play Ready - WDBU6Y0020BBK-WESN",$61.99,$61.99,"126,447 ratings",4.7 out of 5 stars,https://m.media-amazon.com/images/I/41fJs1xw6bL._AC_SL1080_.jpg
B01N0TQPQB,"Kingston 480GB A400 SATA 3 2.5"" Internal SSD SA400S37/480G - HDD Replacement for Increase Performance",$25.99,$32.99,"183,743 ratings",4.8 out of 5 stars,https://m.media-amazon.com/images/I/91RL+MhTWbL._AC_SL1500_.jpg
B01N5IB20Q,"Kingston 240GB A400 SATA 3 2.5"" Internal SSD SA400S37/240G - HDD Replacement for Increase Performance",$17.99,$21.99,"183,743 ratings",4.8 out of 5 stars,https://m.media-amazon.com/images/I/91RL+MhTWbL._AC_SL1500_.jpg
B06XC1WGQR,"SanDisk 256GB Ultra Dual Drive USB Type-C - USB-C, USB 3.1 - SDDDC2-256G-G46",$21.99,$24.75,"84,539 ratings",4.6 out of 5 stars,https://m.media-amazon.com/images/I/61N2p3aTAYL._AC_SL1500_.jpg
B08V83JZH4,"SAMSUNG 980 SSD 1TB PCle 3.0x4, NVMe M.2 2280, Internal Solid State Drive, Storage for PC, Laptops, Gaming and More, HMB Technology, Intelligent Turbowrite, Speeds of up-to 3,500MB/s, MZ-V8V1T0B/AM",$97.21,$97.21,"15,915 ratings",4.8 out of 5 stars,https://m.media-amazon.com/images/I/715OCunnZfL._AC_SL1500_.jpg
B06XG9XP49,SanDisk 256GB Ultra Flair USB 3.0 Flash Drive - SDCZ73-256G-G46,$19.29,$23.40,"149,308 ratings",4.7 out of 5 stars,https://m.media-amazon.com/images/I/41IhYxnGIvL._AC_SL1000_.jpg
B0B61DGG18,Amazon Basics 256GB Ultra Fast USB 3.1 Flash Drive,$18.69,$19.67,946 ratings,4.5 out of 5 stars,https://m.media-amazon.com/images/I/71XXRNmEbeL._AC_SL1500_.jpg
B07H2RR55Q,Seagate BarraCuda 2TB Internal Hard Drive HDD – 3.5 Inch SATA 6Gb/s 7200 RPM 256MB Cache – Frustration Free Packaging (ST2000DM008/ST2000DMZ08),$49.99,$58.99,"101,716 ratings",4.7 out of 5 stars,https://m.media-amazon.com/images/I/71Czt9ypIbL._AC_SL1500_.jpg
B0BQLJTYLL,"1TB Flash Drive 3.0, Super High-Speed Portable Thumb Drive 1TB Compatible with Computer/Laptop, Keychain Design USB Memory Stick 1000GB, USB 3.0 External Data Storage Drive 1TB - 100MB/s",$23.74,$23.74,723 ratings,3.9 out of 5 stars,https://m.media-amazon.com/images/I/51WC8FLvVcL._AC_SL1500_.jpg
B07CRGSR16,"Seagate Portable 4TB External Hard Drive HDD – USB 3.0 for PC, Mac, Xbox, & PlayStation - 1-Year Rescue Service (STGX4000400)",$99.99,$99.99,"236,558 ratings",4.7 out of 5 stars,https://m.media-amazon.com/images/I/71iIr9koTGL._AC_SL1500_.jpg
B07YD579WM,"Crucial BX500 1TB 3D NAND SATA 2.5-Inch Internal SSD, up to 540MB/s - CT1000BX500SSD1",$52.99,$89.99,"94,938 ratings",4.8 out of 5 stars,https://m.media-amazon.com/images/I/61dPLkN4poL._AC_SL1050_.jpg
B078211KBB,"Crucial MX500 1TB 3D NAND SATA 2.5 Inch Internal SSD, up to 560MB/s - CT1000MX500SSD1",$69.99,$99.99,"83,281 ratings",4.8 out of 5 stars,https://m.media-amazon.com/images/I/81rg-38AdJL._AC_SL1500_.jpg
B09JHKSNNG,"SAMSUNG 980 PRO SSD with Heatsink 2TB PCIe Gen 4 NVMe M.2 Internal Solid State Drive, Heat Control, Max Speed, PS5 Compatible, MZ-V8P2T0CW",$199.90,$199.90,"22,530 ratings",4.8 out of 5 stars,https://m.media-amazon.com/images/I/81L3oXKJFFL._AC_SL1500_.jpg
B0B7CKZGN6,"WD_BLACK 2TB SN850X NVMe Internal Gaming SSD Solid State Drive with Heatsink - Works with Playstation 5, Gen4 PCIe, M.2 2280, Up to 7,300 MB/s - WDS200T2XHE",$199.99,$309.99,"11,961 ratings",4.8 out of 5 stars,https://m.media-amazon.com/images/I/71IZKPoBjOL._AC_SL1500_.jpg
B09DSMYXWL,"RAOYI 5 Pack 64GB USB Flash Drive, USB 2.0 Memory Stick Thumb Drives Jump Drive Pen Drive for PC Laptop Computer - 64G Multipack",N/A,N/A,"1,686 ratings",4.5 out of 5 stars,https://m.media-amazon.com/images/I/41rwLGJ6TIL._AC_US40_.jpg
B07LGLQT11,"Vansuny 64GB Type C Flash Drive 2 in 1 OTG USB 3.0 + USB C Memory Stick with Keychain Dual Type C USB Thumb Drive Photo Stick Jump Drive for Android Smartphones, Computers, MacBook, Tablets, PC",N/A,N/A,"3,143 ratings",4.4 out of 5 stars,https://m.media-amazon.com/images/I/51YWrNICL5L._AC_SL1500_.jpg
B07X41PWTY,"WD 5TB Elements Portable HDD, External Hard Drive, USB 3.0 for PC & Mac, Plug and Play Ready - WDBU6Y0050BBK-WESN",$113.54,$129.99,"126,447 ratings",4.7 out of 5 stars,https://m.media-amazon.com/images/I/61nnnmUQI5L._AC_SL1500_.jpg
B08GLX7TNT,"SAMSUNG 980 PRO SSD 1TB PCIe 4.0 NVMe Gen 4 Gaming M.2 Internal Solid State Drive Memory Card, Maximum Speed, Thermal Control, MZ-V8P1T0B",$129.99,$209.99,"22,530 ratings",4.8 out of 5 stars,https://m.media-amazon.com/images/I/713h+shZfQL._AC_SL1500_.jpg
B015CH1GTO,SanDisk 16GB Ultra Flair USB 3.0 Flash Drive - SDCZ73-016G-G46,$5.99,$14.99,"149,308 ratings",4.7 out of 5 stars,https://m.media-amazon.com/images/I/41IhYxnGIvL._AC_SL1000_.jpg
B07VTFN6HM,"WD 2TB My Passport Portable External Hard Drive with backup software and password protection, Black - WDBYVG0020BBK-WESN",$52.86,$79.99,"77,620 ratings",4.6 out of 5 stars,https://m.media-amazon.com/images/I/418I1gX3FFL._AC_SL1080_.jpg
B0B25LQQPC,"Crucial P3 500GB PCIe Gen3 3D NAND NVMe M.2 SSD, up to 3500MB/s - CT500P3SSD8",$36.99,$49.99,"2,735 ratings",4.7 out of 5 stars,https://m.media-amazon.com/images/I/51XuNS7R-lL._AC_SL1500_.jpg
B0BDDJS5PR,"1TB USB Flash Drive 3.0, SXINDE USB 3.0 Flash Memory Stick 1000GB for PC/Laptop, Ultra High-Speed USB 3.0 Data Storage Drive 1000GB - Read Speeds up to 60Mb/s, 1TB Thumb Drive with Rotated Design",$21.99,$40.00,224 ratings,3.5 out of 5 stars,https://m.media-amazon.com/images/I/41puQIkYwfL._AC_SL1500_.jpg
B07VNTFHD5,"WD_BLACK 5TB P10 Game Drive - Portable External Hard Drive HDD, Compatible with Playstation, Xbox, PC, & Mac - WDBA3A0050BBK-WESN",$119.99,$149.99,"30,849 ratings",4.7 out of 5 stars,https://m.media-amazon.com/images/I/91nz8ViqVLL._AC_SL1500_.jpg
B09GW86W6Y,"ThePhotoStick Omni 128GB - Effortless Photo and Video Backup for Apple, Android and Windows Devices",$79.99,$79.99,"2,264 ratings",3.7 out of 5 stars,https://m.media-amazon.com/images/I/61xEQwl19yL._AC_SL1500_.jpg
B0B7CMZ3QH,"WD_BLACK 2TB SN850X NVMe Internal Gaming SSD Solid State Drive - Gen4 PCIe, M.2 2280, Up to 7,300 MB/s - WDS200T2X0E",$179.99,$289.99,"11,961 ratings",4.8 out of 5 stars,https://m.media-amazon.com/images/I/61u-w0nMDTL._AC_SL1500_.jpg
B0B4SWQ39Y,"WD_BLACK 2TB SN850 NVMe SSD for PS5 Consoles Solid State Drive with Heatsink - Gen4 PCIe, M.2 2280, Up to 7,000 MB/s - WDBBKW0020BBK-WRSN",$219.99,$299.99,"1,047 ratings",4.8 out of 5 stars,https://m.media-amazon.com/images/I/61kZjFZRlYL._AC_SL1448_.jpg
B0BNDG2MQN,"USB 3.0 Flash Drive 1TB, Portable Thumb Drives 1000GB: USB 3.0 Memory Stick, Ultra Large Storage USB 3.0 Drive, High-Speed 1TB Jump Drive, 1000GB Swivel Design Zip Drive for PC/Laptop",N/A,N/A,121 ratings,4.9 out of 5 stars,https://m.media-amazon.com/images/I/51CHs5WKxNL._AC_SL1500_.jpg
B08THG1DHQ,256GB Blink USB Flash Drive for Local Video Storage with The Blink Sync Module 2 Mount (Blink Add-On Sync Module 2 is NOT Included)…,$22.07,$22.07,"5,343 ratings",4.5 out of 5 stars,https://m.media-amazon.com/images/I/51sMphqKTzL._AC_SL1200_.jpg
B0BM93N9PW,"USB Flash Drives, Junetiger 1TB Thumb Drive Portable USB Memory Stick, Ultra Large Storage 1000GB USB Drive, High-Speed Waterproof Jump Drive, Flashdrive Pendrive with Keychain",N/A,N/A,49 ratings,4.6 out of 5 stars,https://m.media-amazon.com/images/I/51BFxLFuFOL._AC_SL1500_.jpg
B0BPXTVVW6,"1TB USB Flash Drive | USB 2.0 Flash Drive, Waterproof Large Data Storage USB Memory Stick | High Speed Portable Jump Drive Pen Drive Come with Keychain,Thumb Drive",N/A,N/A,21 ratings,4.6 out of 5 stars,https://m.media-amazon.com/images/I/51X-WK5MGJL._AC_SL1500_.jpg
B0713WPGLL,"WD 4TB Elements Portable HDD, External Hard Drive, USB 3.0 for PC & Mac, Plug and Play Ready - ‎WDBU6Y0040BBK-WESN",$99.99,$139.99,"126,447 ratings",4.7 out of 5 stars,https://m.media-amazon.com/images/I/41fJs1xw6bL._AC_SL1080_.jpg
B0998WHY69,"Vansuny 64GB Flash Drive Metal Waterproof USB Drive USB 3.0 Ultra High Speed Memory Stick, Portable Thumb Drive for PC/Tablets/Mac/Laptop",$7.55,$7.55,"2,550 ratings",4.5 out of 5 stars,https://m.media-amazon.com/images/I/41gl+3RV10L._AC_SL1000_.jpg
B08KHY5NTR,Kingston DataTraveler Kyson 64GB High Performance USB 3.2 Metal Flash Drive | Speeds up to 200MB/s | DTKN/64GB,$7.89,$11.99,"5,176 ratings",4.5 out of 5 stars,https://m.media-amazon.com/images/I/71JoyZOx-LL._AC_SL1500_.jpg
B015CH1NAQ,SanDisk 64GB Ultra Flair USB 3.0 Flash Drive - SDCZ73-064G-G46,$8.99,$8.99,"149,308 ratings",4.7 out of 5 stars,https://m.media-amazon.com/images/I/51sFovQ2j9L._AC_SL1100_.jpg
B07TMNRM9M,MFi Certified 128GB Photo-Stick-for-iPhone-Storage iPhone-Memory iPhone USB for Photos iPhone USB Flash Drive Memory for iPad External iPhone Storage iPhone Thumb Drive for iPad Photo Stick,$36.70,$36.70,"11,115 ratings",4.3 out of 5 stars,https://m.media-amazon.com/images/I/61RaH93te2L._AC_SL1500_.jpg
B09QV5KJHV,"WD_BLACK 2TB SN770 NVMe Internal Gaming SSD Solid State Drive - Gen4 PCIe, M.2 2280, Up to 5,150 MB/s - WDS200T3X0E",$134.99,$149.99,"3,072 ratings",4.8 out of 5 stars,https://m.media-amazon.com/images/I/71Sr1zjPhwL._AC_SL1500_.jpg
B09ZYPTXS4,"Western Digital 500GB WD Blue SA510 SATA Internal Solid State Drive SSD - SATA III 6 Gb/s, 2.5""/7mm, Up to 560 MB/s - WDS500G3B0A",$39.99,$74.99,"41,194 ratings",4.8 out of 5 stars,https://m.media-amazon.com/images/I/71HpqY5AJLL._AC_SL1500_.jpg
B0874XWW23,"SAMSUNG T7 2TB, Portable SSD, up to 1050MB/s, USB 3.2 Gen2, Gaming, Students, & Professionals, External Solid State Drive (MU-PC2T0T/AM), Gray",$169.99,$269.99,"22,589 ratings",4.8 out of 5 stars,https://m.media-amazon.com/images/I/91YfRIy7kYL._AC_SL1500_.jpg
B0B7CKVCCV,"WD_BLACK 1TB SN850X NVMe Internal Gaming SSD Solid State Drive - Gen4 PCIe, M.2 2280, Up to 7,300 MB/s - WDS100T2X0E",$99.99,$159.99,"11,961 ratings",4.8 out of 5 stars,https://m.media-amazon.com/images/I/61u-w0nMDTL._AC_SL1500_.jpg
B00IRV005E,"LaCie Rugged Mini 2TB External Hard Drive Portable HDD - USB 3.0 / 2.0 Compatible, Drop Shock Dust Rain Resistant Shuttle Drive, For Mac And PC Computer (LAC9000298), orange",$99.99,$109.99,"7,122 ratings",4.7 out of 5 stars,https://m.media-amazon.com/images/I/81ZFDGvaGZL._AC_SL1500_.jpg
B00JES3MO0,"Enfain 16GB USB 2.0 Flash Memory Stick Drive Swivel Thumb Drives Bulk 10 Pack Black, Portable Data Storage for Universal Purposes at Home & The Office",$23.27,$23.27,"9,673 ratings",4.6 out of 5 stars,https://m.media-amazon.com/images/I/41MapTtcs3S._AC_US40_.jpg
B081QSHG1K,SanDisk 256GB Ultra USB 3.0 Flash Drive - SDCZ48-256G-GAM46,$19.99,$38.99,"128,984 ratings",4.7 out of 5 stars,https://m.media-amazon.com/images/I/61TuPtmTScL._AC_SL1500_.jpg
B003J5JB12,"Crucial MX500 2TB 3D NAND SATA 2.5 Inch Internal SSD, up to 560MB/s - CT2000MX500SSD1",$149.25,$199.99,"83,281 ratings",4.8 out of 5 stars,https://m.media-amazon.com/images/I/81rg-38AdJL._AC_SL1500_.jpg
B08GV4YYV7,"SanDisk 2TB Extreme PRO Portable SSD - Up to 2000MB/s - USB-C, USB 3.2 Gen 2x2 - External Solid State Drive - SDSSDE81-2T00-G25",$199.99,$219.99,"7,208 ratings",4.7 out of 5 stars,https://m.media-amazon.com/images/I/71RptjoDf4L._AC_SL1500_.jpg
B09VLK9W3S,"SAMSUNG T7 Shield 1TB, Portable SSD, up to 1050MB/s, USB 3.2 Gen2, Rugged, IP65 Rated, for Photographers, Content Creators and Gaming, External Solid State Drive (MU-PE1T0S/AM, 2022), Black",$99.99,$159.99,"3,082 ratings",4.8 out of 5 stars,https://m.media-amazon.com/images/I/61CKrZWOcrL._AC_SL1500_.jpg
B07T4J6X1N,Micro Center SuperSpeed 5 Pack 64GB USB 3.0 Flash Drive Gum Size Memory Stick Thumb Drive Data Storage Jump Drive (64G 5-Pack),$26.99,$37.49,"23,867 ratings",4.6 out of 5 stars,https://m.media-amazon.com/images/I/61B0I-ss7TL._AC_SL1052_.jpg
B08K3S6WJM,Seagate Storage Expansion Card for Xbox Series X|S 1TB Solid State Drive - NVMe Expansion SSD (STJR1000400),$199.99,$219.99,"13,318 ratings",4.8 out of 5 stars,https://m.media-amazon.com/images/I/61MGrHUMWzL._AC_SL1500_.jpg
B087ZCBWFH,Synology 2 bay NAS DiskStation DS220+ (Diskless),$299.99,$299.99,"6,935 ratings",4.8 out of 5 stars,https://m.media-amazon.com/images/I/81SJrq+zRDL._AC_SL1500_.jpg
B01LW2NKPZ,TOPESEL 5 Pack 32GB USB 2.0 Flash Drive Memory Stick Thumb Drives (5 Mixed Colors: Black Blue Green Red Silver),$18.99,$18.99,"10,225 ratings",4.6 out of 5 stars,https://m.media-amazon.com/images/I/719NSvPwJYL._AC_SL1500_.jpg
B0BHWGMPZ2,"MFi Certified 128GB Photo Stick for iPhone Flash Drive,USB Memory Stick Thumb Drives High Speed USB Stick External Storage Compatible with iPhone / iPad / Android / PC",N/A,N/A,410 ratings,4.7 out of 5 stars,https://m.media-amazon.com/images/I/61wk1z9PrZL._AC_SL1500_.jpg
B07B4G19X3,"SP 1TB SSD 3D NAND A55 SLC Cache Performance Boost SATA III 2.5"" 7mm (0.28"") Internal Solid State Drive (SP001TBSS3A55S25)",N/A,N/A,"5,649 ratings",4.7 out of 5 stars,https://m.media-amazon.com/images/I/71vlEYj7QXL._AC_SL1500_.jpg
B0BBWH1R8H,Kingston NV2 1TB M.2 2280 NVMe Internal SSD | PCIe 4.0 Gen 4x4 | Up to 3500 MB/s | SNV2S/1000G,$50.99,$59.99,"1,402 ratings",4.6 out of 5 stars,https://m.media-amazon.com/images/I/71NfMZKkpQL._AC_SL1500_.jpg
B08VH8R94B,"Western Digital 2TB WD Blue PC Internal Hard Drive - 7200 RPM Class, SATA 6 Gb/s, 256 MB Cache, 3.5"" - WD20EZBX",$49.99,$74.99,"37,022 ratings",4.7 out of 5 stars,https://m.media-amazon.com/images/I/514DyIKQYYL._AC_SL1280_.jpg
B07YD5TK4F,"Crucial X8 1TB Portable SSD – Up to 1050MB/s – USB 3.2 – External Solid State Drive, USB-C, USB-A – CT1000X8SSD9",$79.99,$79.99,"8,051 ratings",4.6 out of 5 stars,https://m.media-amazon.com/images/I/51fTiMLyByL._AC_SL1500_.jpg
B08HSQP37L,SanDisk 64GB 2-Pack Ultra USB 3.0 Flash Drive (2x64GB) - SDCZ48-064G-GAM462,$15.99,$15.99,"128,984 ratings",4.7 out of 5 stars,https://m.media-amazon.com/images/I/71jzP3WDwbL._AC_SL1500_.jpg
B07ZGJVTZK,Silicon Power 1TB - NVMe M.2 PCIe Gen3x4 2280 SSD (SP001TBP34A60M28),$42.62,$42.62,"2,336 ratings",4.6 out of 5 stars,https://m.media-amazon.com/images/I/61lvL0XLcJL._AC_SL1200_.jpg
B016498CK0,"Corsair Dual SSD Mounting Bracket (3.5” Internal Drive Bay to 2.5"", Easy Installation) Black",$6.99,$9.99,"23,880 ratings",4.7 out of 5 stars,https://m.media-amazon.com/images/I/71eurjGJ8iL._AC_SL1500_.jpg
B0BRZ9XTDZ,"External Hard Drive 16TB, Portable Hard Drive 16TB - Ultra High-Speed SSD External Hard Drive with Reading Speeds up to 500Mb/s, 16 Terabyte External Hard Drive Storage for Mac/Windows",N/A,N/A,N/A,N/A,https://m.media-amazon.com/images/I/41glxp24pvL._AC_SL1080_.jpg
B09VLHR4JC,"SAMSUNG T7 Shield 2TB, Portable SSD, up-to 1050MB/s, USB 3.2 Gen2, Rugged, IP65 Water & Dust Resistant, for Photographers, Content Creators and Gaming, Extenal Solid State Drive (MU-PE2T0S/AM), Black",$169.99,$179.99,"3,082 ratings",4.8 out of 5 stars,https://m.media-amazon.com/images/I/61ZK-7Vt6WL._AC_SL1500_.jpg
B07YYJL21Z,"SanDisk 256GB Ultra Dual Drive Go USB Type-C Flash Drive, Black - SDDDC3-256G-G46",$22.79,$42.99,"23,383 ratings",4.6 out of 5 stars,https://m.media-amazon.com/images/I/71qOWNxv4jL._AC_SL1500_.jpg
B08RX4QKXS,"SanDisk 4TB Extreme Portable SSD - Up to 1050MB/s - USB-C, USB 3.2 Gen 2 - External Solid State Drive - SDSSDE61-4T00-G25",$319.99,$699.99,"37,193 ratings",4.7 out of 5 stars,https://m.media-amazon.com/images/I/71cxm1e19BL._AC_SL1500_.jpg
B09QVPCJN2,"WD_BLACK 500GB SN770 NVMe Internal Gaming SSD Solid State Drive - Gen4 PCIe, M.2 2280, Up to 4,000 MB/s - WDS500G3X0E",$39.99,$79.99,"3,072 ratings",4.8 out of 5 stars,https://m.media-amazon.com/images/I/71Sr1zjPhwL._AC_SL1500_.jpg
B08Y1Q2KSZ,"Seagate Game Drive for Xbox 2TB External Hard Drive Portable HDD - USB 3.2 Gen 1, Black with built-in green LED bar , Xbox Certified, 3 year Rescue Services (STKX2000400)",N/A,N/A,"62,364 ratings",4.7 out of 5 stars,https://m.media-amazon.com/images/I/71bG7na+RZL._AC_SL1500_.jpg
B07Y5VDNT9,"PNY CS900 1TB 3D NAND 2.5"" SATA III Internal Solid State Drive (SSD) - (SSD7CS900-1TB-RB)",$48.99,$95.99,"21,732 ratings",4.7 out of 5 stars,https://m.media-amazon.com/images/I/61bWfC2KILL._AC_SL1000_.jpg
B091FS79T8,"UnionSine 500GB 2.5"" Ultra Slim Portable External Hard Drive HDD-USB 3.0 for PC, Mac, Laptop, PS4, Xbox one,Xbox 360-HD-2510(Black)",N/A,N/A,"12,492 ratings",4.5 out of 5 stars,https://m.media-amazon.com/images/I/611LbnyTYNL._AC_SL1412_.jpg
B0786QNS9B,"Crucial MX500 500GB 3D NAND SATA 2.5 Inch Internal SSD, up to 560MB/s - CT500MX500SSD1",$44.99,$59.99,"83,281 ratings",4.8 out of 5 stars,https://m.media-amazon.com/images/I/81TmfqEBQwL._AC_SL1280_.jpg
B07VSPL8FJ,"WD 2TB My Passport for Mac, Portable External Hard Drive with backup software and password protection, Blue - WDBA2D0020BBL-WESN",$69.99,$89.99,"77,620 ratings",4.6 out of 5 stars,https://m.media-amazon.com/images/I/61FquLut8zL._AC_SL1500_.jpg
B0BTM7J4J3,"Portable 2TB External Solid State External Hard Drive Portable SSD Drive Mobile SSD External Drive USB 3.1/USB-C High Speed for Desktop & Laptop,Windows PC,Mac,Linux-Silver",$37.96,$37.96,44 ratings,4.9 out of 5 stars,https://m.media-amazon.com/images/I/51ZHYIqSDjL._AC_SL1500_.jpg
B09PTM4QNH,"Flash Drive 256GB for iPhone USB Memory Stick Thumb Drives High Speed USB Stick ,Photo Stick External Storage for iPhone/iPad/Android/PC(Blue)…",$23.99,$32.99,"3,967 ratings",4.4 out of 5 stars,https://m.media-amazon.com/images/I/61vBfBDLjuL._AC_SL1500_.jpg
B083ZS4HYD,SanDisk 512GB Ultra Fit USB 3.1 Flash Drive - SDCZ430-512G-G46,$39.99,$89.99,"116,354 ratings",4.6 out of 5 stars,https://m.media-amazon.com/images/I/91hj35fWtUL._AC_SL1500_.jpg
B0B4SQB1HY,"WD_BLACK 1TB SN850 NVMe SSD for PS5 Consoles Solid State Drive with Heatsink - Gen4 PCIe, M.2 2280, Up to 7,000 MB/s - WDBBKW0010BBK-WRSN",$135.99,$179.99,"1,047 ratings",4.8 out of 5 stars,https://m.media-amazon.com/images/I/61kZjFZRlYL._AC_SL1448_.jpg
B07BPKKTGL,SAMSUNG BAR Plus 256GB - 400MB/s USB 3.1 Flash Drive Champagne Silver (MUF-256BE3/AM),$32.99,$32.99,"39,146 ratings",4.7 out of 5 stars,https://m.media-amazon.com/images/I/81JJHlQjIiL._AC_SL1500_.jpg
B0BDTC589G,Kingston NV2 2TB M.2 2280 NVMe Internal SSD | PCIe 4.0 Gen 4x4 | Up to 3500 MB/s | SNV2S/2000G,$109.99,$129.99,"1,402 ratings",4.6 out of 5 stars,https://m.media-amazon.com/images/I/71NfMZKkpQL._AC_SL1500_.jpg
B00TKFCYP0,SanDisk 128GB Cruzer USB 2.0 Flash Drive - SDCZ36-128G-B35,$13.99,$13.99,"59,726 ratings",4.7 out of 5 stars,https://m.media-amazon.com/images/I/51rRDPnKAGL._AC_SL1100_.jpg
B07D7P4SY4,"SAMSUNG MUF-64AB/AM FIT Plus 64GB - 300MB/s USB 3.1 Flash Drive, Black/Sliver",$11.99,$11.99,"27,651 ratings",4.7 out of 5 stars,https://m.media-amazon.com/images/I/91tXEIHEkBL._AC_SL1500_.jpg
