,title,new_price,list_price,rating,rating_count,img_url
0,"Amazon Basics High-Speed HDMI Cable (18 Gbps, 4K/60Hz) - 6 Feet, Black",$4.67,$4.67,"490,293 ratings",4.7 out of 5 stars,https://m.media-amazon.com/images/I/61pBvlYVPxL._SL1500_.jpg
1,"Original HP 67XL Black High-yield Ink Cartridge | Works with HP DeskJet 1255, 2700, 4100 Series, HP ENVY 6000, 6400 Series | Eligible for Instant Ink | 3YM57AN",N/A,N/A,"33,053 ratings",4.7 out of 5 stars,https://m.media-amazon.com/images/I/71dncPbANKL._AC_SL1500_.jpg
2,"TAKAGI iPhone Charger, Lightning Cable 3PACK 6FT Nylon Braided USB Charging Cable High Speed Data Sync Transfer Cord Compatible with iPhone 14/13/12/11 Pro Max/XS MAX/XR/XS/X/8/7/Plus/6S/6/SE/5S/iPad",N/A,N/A,"93,472 ratings",4.4 out of 5 stars,https://m.media-amazon.com/images/I/71m-EsCA2aL._AC_SL1500_.jpg
3,"Original HP 67 Black/Tri-color Ink Cartridges (2 Count - Pack of 1) | Works with HP DeskJet 1255, 2700, 4100 Series, HP ENVY 6000, 6400 Series | Eligible for Instant Ink | 3YP29AN",N/A,N/A,"35,647 ratings",4.7 out of 5 stars,https://m.media-amazon.com/images/I/51eBahpKdaL._AC_SL1000_.jpg
4,"Falcon Dust, Off Compressed Gas (152a) Disposable Cleaning Duster, 1, Count, 3.5 oz Can (DPSJB),Black",N/A,N/A,"63,237 ratings",4.2 out of 5 stars,https://m.media-amazon.com/images/I/81LtIK5MYQL._AC_SL1500_.jpg
5,"SanDisk 128GB Ultra microSDXC UHS-I Memory Card with Adapter - 120MB/s, C10, U1, Full HD, A1, Micro SD Card - SDSQUA4-128G-GN6MA",N/A,N/A,"211,437 ratings",4.7 out of 5 stars,https://m.media-amazon.com/images/I/61jhzv9AQRL._AC_SL1200_.jpg
6,"Leather Desk Pad Protector,Mouse Pad,Office Desk Mat, Non-Slip PU Leather Desk Blotter,Laptop Desk Pad,Waterproof Desk Writing Pad for Office and Home (Black,31.5"" x 15.7"")",$13.99,$16.99,"57,532 ratings",4.7 out of 5 stars,https://m.media-amazon.com/images/I/71p+P8mZ3RL._AC_SL1500_.jpg
7,Syntech USB C to USB Adapter Pack of 2 USB C Male to USB3 Female Adapter Compatible with MacBook Pro 2023 iMac iPad Mini 6/Pro MacBook Air 2022 and Other Type C or Thunderbolt 4/3 Devices Space Grey,$9.99,$18.99,"131,859 ratings",4.6 out of 5 stars,https://m.media-amazon.com/images/I/71xWh67sBNL._AC_SL1500_.jpg
8,"Logitech MK270 Wireless Keyboard And Mouse Combo For Windows, 2.4 GHz Wireless, Compact Mouse, 8 Multimedia And Shortcut Keys, For PC, Laptop - Black",$32.95,$32.95,"79,127 ratings",4.5 out of 5 stars,https://m.media-amazon.com/images/I/61pUul1oDlL._AC_SL1500_.jpg
9,"Amazon Basics USB Type-C to USB-A 2.0 Male Charger Cable, 3 Feet (0.9 Meters), Black, 1 Count, 1-Pack",$4.99,$4.99,"74,977 ratings",4.6 out of 5 stars,https://m.media-amazon.com/images/I/5185vXvJMAL._AC_SL1500_.jpg
10,iPhone Charger 3 Pack 10 ft Apple MFi Certified Lightning Cable Nylon Braided Cable iPhone Charger Fast Charging Cord Compatible with iPhone 13 12 11 Pro Max XR XS X 8 7 6 Plus SE iPad and More,$8.49,$22.99,"2,822 ratings",4.6 out of 5 stars,https://m.media-amazon.com/images/I/71hnUhUJJVL._SL1500_.jpg
11,iPhone Charger [Apple MFi Certified] 3pack 10FT Long Lightning Cable Fast Charging High Speed Data Sync USB Cable Compatible iPhone 13/12/11 Pro Max/XS MAX/XR/XS/X/8/7/Plus/6S (Grey White),$10.99,$23.99,"5,615 ratings",4.3 out of 5 stars,https://m.media-amazon.com/images/I/71Va1BmmDkL._SL1500_.jpg
12,Amazon Basics Uni-Directional DisplayPort to HDMI Display Cable 4K@30Hz - 6 Feet,$3.88,$3.88,"48,812 ratings",4.6 out of 5 stars,https://m.media-amazon.com/images/I/61lCmBR7q3L._AC_SL1500_.jpg
13,Amazon Basics RJ45 Cat-6 Ethernet Patch Internet Cable - 5 Foot (1.5 Meters),N/A,N/A,"117,783 ratings",4.7 out of 5 stars,https://m.media-amazon.com/images/I/61Hewd49NFL._AC_SL1500_.jpg
14,[Apple MFi Certified] 6Pack 3/3/6/6/6/10 FT iPhone Charger Nylon Braided Fast Charging Lightning Cable Compatible iPhone 14 Pro/13 mini/13/12/11 Pro MAX/XR/XS/8/7/Plus/6S/SE/iPad,$10.19,$25.99,"23,020 ratings",4.5 out of 5 stars,https://m.media-amazon.com/images/I/81km6VdyE2L._SL1500_.jpg
15,"Original HP 63 Black Ink Cartridge | Works with HP DeskJet 1112, 2130, 3630 Series; HP ENVY 4510, 4520 Series; HP OfficeJet 3830, 4650, 5200 Series | Eligible for Instant Ink | F6U62AN",$22.89,$22.89,"83,280 ratings",4.7 out of 5 stars,https://m.media-amazon.com/images/I/71MHmk6IbBL._AC_SL1500_.jpg
16,"Original HP 65 Black Ink Cartridge | Works with HP AMP 100 Series, HP DeskJet 2600, 3700 Series, HP ENVY 5000 Series | Eligible for Instant Ink | N9K02AN",$16.89,$16.89,"84,734 ratings",4.7 out of 5 stars,https://m.media-amazon.com/images/I/71OxUHNuWgL._AC_SL1500_.jpg
17,"Original HP 67 Black Ink Cartridge | Works with HP DeskJet 1255, 2700, 4100 Series, HP ENVY 6000, 6400 Series | Eligible for Instant Ink | 3YM56AN",N/A,N/A,"31,349 ratings",4.7 out of 5 stars,https://m.media-amazon.com/images/I/71b3HlAlA8S._AC_SL1500_.jpg
18,"Amazon Basics USB 2.0 Printer Cable - A-Male to B-Male Cord - 6 Feet (1.8 Meters), Black",N/A,N/A,"111,593 ratings",4.7 out of 5 stars,https://m.media-amazon.com/images/I/71bhL-Kx6+L._AC_SL1500_.jpg
19,Logitech M510 Wireless Computer Mouse for PC with USB Unifying Receiver - Graphite,N/A,N/A,"23,311 ratings",4.7 out of 5 stars,https://m.media-amazon.com/images/I/61xgpXecLML._AC_SL1500_.jpg
20,"Logitech H390 Wired Headset, Stereo Headphones with Noise-Cancelling Microphone, USB, In-Line Controls, PC/Mac/Laptop - Black",N/A,N/A,"47,771 ratings",4.4 out of 5 stars,https://m.media-amazon.com/images/I/61CqYq+xwNL._AC_SL1500_.jpg
21,"Original HP 63XL Black High-yield Ink Cartridge | Works with HP DeskJet 1112, 2130, 3630 Series; HP ENVY 4510, 4520 Series; HP OfficeJet 3830, 4650, 5200 Series | Eligible for Instant Ink | F6U64AN",N/A,N/A,"47,310 ratings",4.7 out of 5 stars,https://m.media-amazon.com/images/I/71zeXYQRMfL._AC_SL1500_.jpg
22,"Original HP 910 Cyan, Magenta, Yellow Ink Cartridges (3-pack) | Works with HP OfficeJet 8010, 8020 Series, HP OfficeJet Pro 8020, 8030 Series | Eligible for Instant Ink | 3YN97AN",N/A,N/A,"11,457 ratings",4.7 out of 5 stars,https://m.media-amazon.com/images/I/718rOMHM-bS._AC_SL1500_.jpg
23,"Original HP 910XL Black High-yield Ink Cartridge | Works with HP OfficeJet 8010, 8020 Series, HP OfficeJet Pro 8020, 8030 Series | Eligible for Instant Ink | 3YL65AN",$41.89,$41.89,"14,445 ratings",4.7 out of 5 stars,https://m.media-amazon.com/images/I/61N8mUd0-6L._AC_SL1000_.jpg
24,"Original HP 67XL Tri-color High-yield Ink Cartridge | Works with HP DeskJet 1255, 2700, 4100 Series, HP ENVY 6000, 6400 Series | Eligible for Instant Ink | 3YM58AN",N/A,N/A,"20,515 ratings",4.7 out of 5 stars,https://m.media-amazon.com/images/I/715Ohdd62gL._AC_SL1500_.jpg
25,"Uiosmuph LED Wireless Mouse, G12 Slim Rechargeable Wireless Silent Mouse, 2.4G Portable USB Optical Wireless Computer Mice with USB Receiver and Type C Adapter (Matte Black)",$12.99,$17.99,"56,080 ratings",4.4 out of 5 stars,https://m.media-amazon.com/images/I/51KCV2cdDsS._AC_SL1500_.jpg
26,"[Apple MFi Certified] iPhone Fast Charger, 20W USB C Power Delivery Wall Charger Plug with 6ft Type C to Lightning Cable Quick Charging Data Sync Cord for iPhone14 13 12 11 Pro Max Mini Xs Xr X 8 iPad",N/A,N/A,"18,093 ratings",4.4 out of 5 stars,https://m.media-amazon.com/images/I/51qzSTd-1BL._AC_SL1500_.jpg
27,"Original HP 65 Black/Tri-color Ink Cartridges (2-pack) | Works with HP AMP 100 Series, HP DeskJet 2600, 3700 Series, HP ENVY 5000 Series | Eligible for Instant Ink | T0A36AN",$32.89,$32.89,"31,690 ratings",4.7 out of 5 stars,https://m.media-amazon.com/images/I/61Fm4fnbnVL._AC_SL1500_.jpg
28,[Apple MFi Certified] iPhone Charger 3Pack 10FT Nylon Braided Lightning Cable Fast Charging iPhone Charger Cord Compatible with iPhone 13 12 11 Pro Max XR XS X 8 7 6 Plus SE and More,$6.98,$23.99,"2,391 ratings",4.3 out of 5 stars,https://m.media-amazon.com/images/I/71aYP6Ie2BL._SL1500_.jpg
29,"Canon PG-243/ CL-244 Ink Multi pack, Compatible to TR4520, MX492, MG2520, MG2922, TS302 and TS202 Printers",N/A,N/A,"58,047 ratings",4.6 out of 5 stars,https://m.media-amazon.com/images/I/71zFeihP3xL._AC_SL1500_.jpg
30,"Amazon Basics Nylon USB-A to Lightning Cable Cord, MFi Certified Charger for Apple iPhone 14 13 12 11 X Xs Pro, Pro Max, Plus, iPad, Dark Gray, 3-Ft",N/A,N/A,"70,123 ratings",4.7 out of 5 stars,https://m.media-amazon.com/images/I/51bL094WehL._AC_SL1302_.jpg
31,"Anker USB C Cable, New Nylon USB C to USB C Cable (6ft 60W, 2-Pack, USB 2.0), USB C Cable for iPad Mini 6, iPad Pro 2020, iPad Air 4, MacBook Pro 2020, Samsung Galaxy S22,Switch, Pixel, LG (Black)",$10.55,$10.55,"27,739 ratings",4.7 out of 5 stars,https://m.media-amazon.com/images/I/71IE9dLBduL._SL1500_.jpg
32,iPhone Charger [Apple MFi Certified] 3Pack 10FT Lightning Cable Fast Charging iPhone Charger Cord Compatible with iPhone 13 12 11 Pro Max XR XS X 8 7 6 Plus SE and More (Multi-Color),$10.99,$23.99,"5,188 ratings",4.4 out of 5 stars,https://m.media-amazon.com/images/I/61IPI3-XQrL._SL1500_.jpg
33,"Original HP 952 Cyan, Magenta, Yellow Ink Cartridges (3-pack) | Works with HP OfficeJet 8702, HP OfficeJet Pro 7720, 7740, 8210, 8710, 8720, 8730, 8740 Series | Eligible for Instant Ink | N9K27AN",N/A,N/A,"12,253 ratings",4.7 out of 5 stars,https://m.media-amazon.com/images/I/714wiNbdyoL._AC_SL1500_.jpg
34,"Original HP 61 Black Ink Cartridge | Works with DeskJet 1000, 1010, 1050, 1510, 2050, 2510, 2540, 3000, 3050, 3510; ENVY 4500, 5530; OfficeJet 2620, 4630 Series | Eligible for Instant Ink | CH561WN",$22.89,$22.89,"59,317 ratings",4.7 out of 5 stars,https://m.media-amazon.com/images/I/61HtgZVaxdL._AC_SL1000_.jpg
35,"Original HP 64XL Black High-yield Ink Cartridge | Works with HP ENVY Inspire 7950e; ENVY Photo 6200, 7100, 7800; Tango Series | Eligible for Instant Ink | N9J92AN",$45.89,$45.89,"19,315 ratings",4.7 out of 5 stars,https://m.media-amazon.com/images/I/71N1gNMUpbL._AC_SL1500_.jpg
36,"etguuds [2-Pack, 3ft] USB C Cable 3A Fast Charge, USB A to Type C Charger Cord Braided Compatible with Samsung Galaxy A10e A20 A50 A51 A71, S20 S10 S9 S8 Plus S10E, Note 20 10 9 8, Moto G7 G8",$6.99,$6.99,"64,288 ratings",4.6 out of 5 stars,https://m.media-amazon.com/images/I/61zvbGMj1+L._AC_SL1100_.jpg
37,"Original HP 63 Black/Tri-color Ink (2-pack) | Works with HP DeskJet 1112, 2130, 3630 Series; HP ENVY 4510, 4520 Series; HP OfficeJet 3830, 4650, 5200 Series | Eligible for Instant Ink | L0R46AN",$51.89,$51.89,"37,728 ratings",4.7 out of 5 stars,https://m.media-amazon.com/images/I/71SpVFYFzQL._AC_SL1500_.jpg
38,Amazon Basics Wireless Computer Mouse with USB Nano Receiver - Black,$7.43,$7.43,"53,526 ratings",4.5 out of 5 stars,https://m.media-amazon.com/images/I/61LtuGzXeaL._AC_SL1465_.jpg
39,"USB C to Lightning Cable [Apple MFi Certified] 3Pack 6FT iPhone Fast Charger Cable Power Delivery Type C Charging Cord Compatible with iPhone 14 13 13 Pro Max 12 12 Pro Max 11 XS XR X 8 iPad,White",$6.99,$25.99,"3,450 ratings",4.4 out of 5 stars,https://m.media-amazon.com/images/I/51zj7qdhTzL._AC_SL1500_.jpg
40,Apple USB-C Charge Cable (2m),$15.40,$15.40,"28,530 ratings",4.6 out of 5 stars,https://m.media-amazon.com/images/I/41uNTvxHcNL._AC_SL1000_.jpg
41,"Original HP 952XL Black High-yield Ink Cartridge | Works with HP OfficeJet 8702, HP OfficeJet Pro 7720, 7740, 8210, 8710, 8720, 8730, 8740 Series | Eligible for Instant Ink | F6U19AN",$51.89,$51.89,"13,957 ratings",4.7 out of 5 stars,https://m.media-amazon.com/images/I/71CBLTegWqS._AC_SL1500_.jpg
42,"Logitech C920x HD Pro Webcam, Full HD 1080p/30fps Video Calling, Clear Stereo Audio, HD Light Correction, Works with Skype, Zoom, FaceTime, Hangouts, PC/Mac/Laptop/Macbook/Tablet - Black",$62.76,$69.99,"14,925 ratings",4.6 out of 5 stars,https://m.media-amazon.com/images/I/71iNwni9TsL._AC_SL1500_.jpg
43,"SanDisk 128GB Extreme PRO SDXC UHS-I Memory Card - C10, U3, V30, 4K UHD, SD Card - SDSDXXD-128G-GN4IN",$22.95,$33.49,"6,978 ratings",4.8 out of 5 stars,https://m.media-amazon.com/images/I/81wwLOgkLgL._AC_SL1500_.jpg
44,"Original HP 64 Black/Tri-color Ink Cartridges (2-pack) | Works with HP ENVY Inspire 7950e; ENVY Photo 6200, 7100, 7800; Tango Series | Eligible for Instant Ink | X4D92AN",$41.89,$41.89,"16,960 ratings",4.7 out of 5 stars,https://m.media-amazon.com/images/I/719v4HTY9OL._AC_SL1500_.jpg
45,"Original HP 962 Cyan, Magenta, Yellow Ink Cartridges (3 Count -pack of 1) | Works with HP OfficeJet 9010 Series, HP OfficeJet Pro 9010, 9020 Series | Eligible for Instant Ink | 3YP00AN",N/A,N/A,"7,793 ratings",4.7 out of 5 stars,https://m.media-amazon.com/images/I/71XSbgnGXcS._AC_SL1500_.jpg
46,"EMEET 1080P Webcam with Microphone, C960 Web Camera, 2 Mics Streaming Webcam with Privacy Cover, 90Â°View Computer Camera, Plug&Play USB Webcam for Calls/Conference, Zoom/Skype/YouTube, Laptop/Desktop",$38.99,$38.99,"14,570 ratings",4.3 out of 5 stars,https://m.media-amazon.com/images/I/61-K2lXmHQL._AC_SL1500_.jpg
47,"Original HP 902XL Black High-yield Ink Cartridge | Works with HP OfficeJet 6950, 6960 Series, HP OfficeJet Pro 6960, 6970 Series | Eligible for Instant Ink | T6M14AN",$45.89,$45.89,"20,925 ratings",4.7 out of 5 stars,https://m.media-amazon.com/images/I/71QsmlwPUTL._AC_SL1500_.jpg
48,"Original HP 962XL Black High-yield Ink Cartridge | Works with HP OfficeJet 9010 Series, HP OfficeJet Pro 9010, 9020 Series | Eligible for Instant Ink | 3JA03AN",$46.89,$46.89,"7,778 ratings",4.8 out of 5 stars,https://m.media-amazon.com/images/I/71YnyARzfPS._AC_SL1500_.jpg
49,"Anker USB C to HDMI Adapter (4K@60Hz), 310 USB-C Adapter (4K HDMI), Aluminum, Portable , for MacBook Pro, Air, iPad Pro, Pixelbook, XPS, Galaxy, and More",N/A,N/A,"25,543 ratings",4.6 out of 5 stars,https://m.media-amazon.com/images/I/51I0DpppkJL._AC_SL1500_.jpg
50,"HP Wireless Mouse X3000 G2 (28Y30AA, Black) up to 15-month battery,scroll wheel, side grips for control, travel-friendly, Blue LED, powerful 1600 DPI optical sensor, Win XP,8, 11 compatible",N/A,N/A,"19,041 ratings",4.6 out of 5 stars,https://m.media-amazon.com/images/I/61hOgYUbUyL._AC_SL1500_.jpg
51,"USB C Hub, Hiearcool Adapter USB C Dongle for MacBook Pro, 7 in 1 USB C to HDMI Multport Adapter Compatible for USB C Laptops and Other Type C Devices (4K HDMI USB3.0 SD/TF Card Reader 100W PD)",$24.99,$29.99,"39,109 ratings",4.6 out of 5 stars,https://m.media-amazon.com/images/I/71Og586RJCL._AC_SL1500_.jpg
52,"Warrky USB C to HDMI Cable 4K [Anti-Interference Gold-Plated Plugs] 6FT Braided Type-C to HDMI Cord Thunderbolt 3/4 Compatible for MacBook Pro/Air, iMac, iPad Pro, Galaxy S8 to S22, Surface, Dell, HP",$14.99,$17.99,"14,784 ratings",4.5 out of 5 stars,https://m.media-amazon.com/images/I/71tf8hN2SjL._AC_SL1500_.jpg
53,"USB Type-C Cable 5pack 6ft Fast Charging 3A Quick Charger Cord, Type C to A Cable 6 Foot Compatible Samsung Galaxy S10 S9 S8 Plus, Braided Fast Charging Cable for Note 10 9 8, LG V50 V40 G8 G7(Grey)",$10.37,$17.97,"43,773 ratings",4.6 out of 5 stars,https://m.media-amazon.com/images/I/71hLGDuvLCL._AC_SL1500_.jpg
54,"HUANUO Dual Monitor Stand, Adjustable Spring Monitor Desk Mount for 17-27 inch, Dual Monitor Mount Holds Max 14.3lbs, Computer Monitor Arms with Wide Range of Motion for Home Office",$59.99,$89.99,"17,631 ratings",4.6 out of 5 stars,https://m.media-amazon.com/images/I/71oPdIcALXL._AC_SL1500_.jpg
55,"Original HP 64 Black Ink Cartridge | Works with HP ENVY Inspire 7950e; ENVY Photo 6200, 7100, 7800; Tango Series | Eligible for Instant Ink | N9J90AN",$19.89,$19.89,"28,070 ratings",4.7 out of 5 stars,https://m.media-amazon.com/images/I/71Xi93qqqdS._AC_SL1500_.jpg
56,"SanDisk 128GB Extreme microSDXC UHS-I Memory Card with Adapter - Up to 160MB/s, C10, U3, V30, 4K, A2, Micro SD - SDSQXA1-128G-GN6MA",N/A,N/A,"322,042 ratings",4.8 out of 5 stars,https://m.media-amazon.com/images/I/815cRpgAN3L._AC_SL1500_.jpg
57,Apple Lightning to USB Cable (1 m),N/A,N/A,"80,564 ratings",4.7 out of 5 stars,https://m.media-amazon.com/images/I/51hhaBx5PCL._AC_SL1024_.jpg
58,"Moread HDMI to VGA Adapter, Gold-Plated HDMI to VGA Adapter (Male to Female) for Computer, Desktop, Laptop, PC, Monitor, Projector, HDTV, Chromebook, Raspberry Pi, Roku, Xbox and More - Black",$7.99,$7.99,"50,636 ratings",4.6 out of 5 stars,https://m.media-amazon.com/images/I/71nKG2w6ENL._AC_SL1500_.jpg
59,"Original HP 62XL Black High-yield Ink | Works with HP ENVY 5540, 5640, 5660, 7640 Series, HP OfficeJet 5740, 8040 Series, HP OfficeJet Mobile 200, 250 Series | Eligible for Instant Ink | C2P05AN",$45.89,$45.89,"24,810 ratings",4.7 out of 5 stars,https://m.media-amazon.com/images/I/71Y0+glPuTL._AC_SL1500_.jpg
60,"[Apple MFi Certified] iPhone 14 13 12 11 Fast Charger, 2Pack 20W PD Type C Wall Charger Block with 6FT USB-C to Lightning Cables Compatible with iPhone 14/13/ 12/11/ XS/XR/X/ 8 Plus/iPad,White",$15.99,$25.99,"5,333 ratings",4.3 out of 5 stars,https://m.media-amazon.com/images/I/61iflaZRxrL._AC_SL1500_.jpg
61,"AINOPE USB C Cable [2-Pack, 6.6ft] 3.1A Type C Charger Fast Charging Cable Right Angle, Durable Nylon Braided USB C Charging Cable Compatible with Galaxy S10 S9 Plus S21, Note 10 9 LG, Type C Charger",$8.99,$12.99,"76,405 ratings",4.7 out of 5 stars,https://m.media-amazon.com/images/I/71slGPTBJ9S._AC_SL1200_.jpg
62,"Amazon Basics 3-Button Wired USB Computer Mouse, Black",N/A,N/A,"69,864 ratings",4.6 out of 5 stars,https://m.media-amazon.com/images/I/61i0CV-tKpL._AC_SL1500_.jpg
63,"Anker Premium Nylon USB A to USB C Cable(2-pack, 6ft), USB 2.0, Fast Charging USB C Cable for Samsung Galaxy S10 S10+ / Note 9, LG V30 and More (Black)",N/A,N/A,"78,412 ratings",4.7 out of 5 stars,https://m.media-amazon.com/images/I/71JPX+AFszL._SL1500_.jpg
64,"Amazon Basics Computer Monitor TV Replacement Power Cord - 6-Foot, Black",$5.61,$5.61,"31,137 ratings",4.7 out of 5 stars,https://m.media-amazon.com/images/I/710SsyCVdhL._AC_SL1500_.jpg
65,"Brother Genuine Standard Yield Toner Cartridge, TN730, Replacement Black Toner, Page Yield Up To 1,200 Pages, Amazon Dash Replenishment Cartridge,1 Pack",N/A,N/A,"11,368 ratings",4.7 out of 5 stars,https://m.media-amazon.com/images/I/7197bPYLO4L._AC_SL1500_.jpg
66,"SanDisk 128GB microSDXC-Card, Licensed for Nintendo-Switch - SDSQXAO-128G-GNCZN",N/A,N/A,"260,949 ratings",4.9 out of 5 stars,https://m.media-amazon.com/images/I/61ysEjw8BML._AC_SL1392_.jpg
67,"Original HP 65XL Black High-yield Ink Cartridge | Works with HP AMP 100 Series, HP DeskJet 2600, 3700 Series, HP ENVY 5000 Series | Eligible for Instant Ink | N9K04AN",$33.89,$33.89,"26,250 ratings",4.8 out of 5 stars,https://m.media-amazon.com/images/I/71uhraUK9BL._AC_SL1500_.jpg
68,Amazon Basics Mini Gaming Computer Mouse Pad - Black,N/A,N/A,"52,673 ratings",4.7 out of 5 stars,https://m.media-amazon.com/images/I/71I9assPTZL._AC_SL1484_.jpg
69,"Original HP 62 Black/Tri-color Ink (2-pack) | Works with HP ENVY 5540, 5640, 5660, 7640 Series, HP OfficeJet 5740, 8040 Series, HP OfficeJet Mobile 200, 250 Series | Eligible for Instant Ink | N9H64FN",$41.89,$41.89,"22,416 ratings",4.7 out of 5 stars,https://m.media-amazon.com/images/I/71aoDu7OcyS._AC_SL1500_.jpg
70,SanDisk 32GB (Pack of 2) Ultra microSDHC UHS-I Memory Card (2x32GB) with Adapter - SDSQUA4-032G-GN6MT,$12.70,$15.99,"101,361 ratings",4.7 out of 5 stars,https://m.media-amazon.com/images/I/61sE6df4IgS._AC_SL1500_.jpg
71,"Logitech MK345 Wireless Combo Full-Sized Keyboard with Palm Rest and Comfortable Right-Handed Mouse, 2.4 GHz Wireless USB Receiver, Compatible with PC, Laptop",N/A,N/A,"34,618 ratings",4.5 out of 5 stars,https://m.media-amazon.com/images/I/61S0sV1a57L._AC_SL1500_.jpg
72,[Apple MFi Certified] iPhone Charger Fast Charging 3 Pack 10 FT Lightning Cable Nylon Braided Long iPhone Charger Cord Compatible with iPhone 13 12 11 Pro Max XR XS X 8 7 6 Plus SE iPad and More,$10.99,$10.99,"5,188 ratings",4.5 out of 5 stars,https://m.media-amazon.com/images/I/713jkR6zEoL._SL1500_.jpg
73,"JSAUX USB-C to USB A Cable 3.1A Fast Charging [2-Pack 6.6ft], USB Type C Charger Cord Compatible with Samsung Galaxy S20 S10 S9 S8 A73 A51 A13, Note 20 10, LG G8 G7, PS5 Controller USB C Charger-Red",$6.99,$10.99,"156,041 ratings",4.7 out of 5 stars,https://m.media-amazon.com/images/I/814lvrcxv4L._AC_SL1500_.jpg
74,"Original HP 902 Cyan, Magenta, Yellow Ink Cartridges (3-pack) | Works with HP OfficeJet 6950, 6960 Series, HP OfficeJet Pro 6960, 6970 Series | Eligible for Instant Ink | T0A38AN",$39.65,$39.65,"17,613 ratings",4.6 out of 5 stars,https://m.media-amazon.com/images/I/71t7WIpfxyL._AC_SL1500_.jpg
75,"Amazon Basics 8K DisplayPort to DisplayPort 1.4 Cable with 4K@120Hz, 8K@60Hz Video Resolution, and HDR Support, 6 Feet",$10.79,$10.79,"4,520 ratings",4.7 out of 5 stars,https://m.media-amazon.com/images/I/61mQoqR+RwL._AC_SL1500_.jpg
76,"Amazon Basics USB 2.0 A-Male to Micro B Cable, 6 feet, Black",$5.12,$5.12,"81,197 ratings",4.6 out of 5 stars,https://m.media-amazon.com/images/I/61d84Q0UPtL._SL1500_.jpg
77,"Original HP 62 Black Ink Cartridge | Works with HP ENVY 5540, 5640, 5660, 7640 Series, HP OfficeJet 5740, 8040 Series, HP OfficeJet Mobile 200, 250 Series | Eligible for Instant Ink | C2P04AN",$19.89,$19.89,"27,853 ratings",4.7 out of 5 stars,https://m.media-amazon.com/images/I/71f50s2ZkRL._AC_SL1500_.jpg
78,"Original HP 64XL Tri-color High-yield Ink Cartridge | Works with HP ENVY Inspire 7950e; ENVY Photo 6200, 7100, 7800; Tango Series | Eligible for Instant Ink | N9J91AN",$49.89,$49.89,"15,444 ratings",4.7 out of 5 stars,https://m.media-amazon.com/images/I/716oBYwjCyS._AC_SL1500_.jpg
79,"Brother Genuine Cartridge TN760 High Yield Black Toner,1 Pack",$79.89,$79.89,"13,715 ratings",4.7 out of 5 stars,https://m.media-amazon.com/images/I/71n5vk4vB-L._AC_SL1500_.jpg
80,"iPhone 14 13 12 11 Fast Charger, [MFi Certified] 10 FT Long USB C to Lightning Cable with 20W USB C iPhone Rapid Charging Block, Adapter for iPhone 14 13 12 11 Pro/Mini/Pro Max/X/8/iPad, 2 Pack",$19.79,$26.99,"1,685 ratings",4.5 out of 5 stars,https://m.media-amazon.com/images/I/617DCgRnHxL._AC_SL1500_.jpg
81,"SanDisk 256GB Extreme microSDXC UHS-I Memory Card with Adapter - Up to 190MB/s, C10, U3, V30, 4K, 5K, A2, Micro SD Card - SDSQXAV-256G-GN6MA",$28.39,$28.39,"37,802 ratings",4.8 out of 5 stars,https://m.media-amazon.com/images/I/719ZXZP+5LL._AC_SL1500_.jpg
82,"SD Card Reader, uni USB C Memory Card Reader Adapter USB 3.0, Supports SD/Micro SD/SDHC/SDXC/MMC [Card Not Included], Compatible for MacBook Pro, MacBook Air, iPad Pro 2018, Galaxy S21",$11.99,$19.99,"15,408 ratings",4.6 out of 5 stars,https://m.media-amazon.com/images/I/51olZ+FM6RL._AC_US40_.jpg
83,Apple USB-C to Lightning Cable (1 m),$14.13,$14.13,"12,912 ratings",4.8 out of 5 stars,https://m.media-amazon.com/images/I/61QHx7l9ukL._AC_SL1500_.jpg
84,"Belkin Large Mouse Pad, 8 Inch by 9 Inch, for Computer or Gaming Mouse Pad, Non-slip Base, Neoprene Backing and Jersey Surface for Smooth Mouse Control and Pinpoint Accuracy (Black)",N/A,N/A,"16,070 ratings",4.6 out of 5 stars,https://m.media-amazon.com/images/I/710L1ewi8YL._AC_SL1500_.jpg
85,"MROCO Ergonomic Mouse Pad with Wrist Support Gel Mouse Pad with Wrist Rest, Comfortable Computer Mouse Pad for Laptop, Pain Relief Mousepad with Non-slip PU Base for Office & Home, 9.4 x 8.1 in, Black",$8.99,$15.49,"20,145 ratings",4.7 out of 5 stars,https://m.media-amazon.com/images/I/810BRQazsqL._AC_SL1500_.jpg
86,"SAMSUNG EVO Select Micro SD-Memory-Card + Adapter, 256GB microSDXC 130MB/s Full HD & 4K UHD, UHS-I, U3, A2, V30, Expanded Storage for Android Smartphones, Tablets, Nintendo-Switch (MB-ME256KA/AM)",$24.99,$39.99,"44,476 ratings",4.7 out of 5 stars,https://m.media-amazon.com/images/I/71tK21fYkDL._AC_SL1500_.jpg
87,"Canon PG-275/CL-276 Multi Pack, Compatible to PIXMA TS3520, TS3522 and TR4720 Printers",N/A,N/A,"6,336 ratings",4.6 out of 5 stars,https://m.media-amazon.com/images/I/71Ws7eTIeeS._AC_SL1500_.jpg
88,"Logitech M720 Triathlon Multi-Device Wireless Mouse, Bluetooth, USB Unifying Receiver, 1000 DPI, 8 Buttons, 2-Year Battery, Compatible with Laptop, PC, Mac, iPadOS - Black",$34.00,$39.99,"15,687 ratings",4.6 out of 5 stars,https://m.media-amazon.com/images/I/51pMqozCpML._AC_SL1500_.jpg
89,"Logitech M170 Wireless Mouse, 2.4 GHz with USB Mini Receiver, Optical Tracking, 12-Months Battery Life, Ambidextrous PC/Mac/Laptop - Black",N/A,N/A,"33,626 ratings",4.5 out of 5 stars,https://m.media-amazon.com/images/I/51p1FOjU-lL._AC_SL1500_.jpg
90,"Canon PG-245 Compatible to MG2525,MG3020,TR4520/4522,TS202,TS302,TS3120/3122,TS3320/3322 Printers",N/A,N/A,"44,744 ratings",4.7 out of 5 stars,https://m.media-amazon.com/images/I/51-KZS78erL._AC_SL1000_.jpg
91,"Amazon Basics ABS USB-A to Lightning Cable Cord, MFi Certified Charger for Apple iPhone 14 13 12 11 X Xs Pro, Pro Max, Plus, iPad, White, 6-Ft",N/A,N/A,"62,473 ratings",4.6 out of 5 stars,https://m.media-amazon.com/images/I/515hqvoNvlL._AC_SL1302_.jpg
92,"Syntech USB C Female to USB Male Adapter Pack of 3 [Aluminum Shell, High Stability] Type C Charger Cable Power Converter Compatible with iPhone 14 Plus Pro Apple Watch Series 8 AirPods CarPlay, etc.",$8.99,$12.99,"42,541 ratings",4.6 out of 5 stars,https://m.media-amazon.com/images/I/81f0xKVMHoL._AC_SL1500_.jpg
93,"Amazon Basics HDMI to DVI Adapter Cable, Black, 6 Feet, 1-Pack",$4.74,$4.74,"78,246 ratings",4.7 out of 5 stars,https://m.media-amazon.com/images/I/711lDrVDlpL._AC_SL1494_.jpg
94,"TECKNET Wireless Mouse, 2.4G Ergonomic Optical Mouse with USB Nano Receiver for Laptop, PC, Computer, Chromebook, Notebook, 6 Buttons, 24 Months Battery Life, 2600 DPI, 5 Adjustment Levels",$10.99,$19.99,"50,904 ratings",4.5 out of 5 stars,https://m.media-amazon.com/images/I/61tk-+W5dzL._AC_SL1500_.jpg
95,"Logitech Mouse Pad - Studio Series, Computer Mouse Mat with Anti-Slip Rubber Base, Easy Gliding, Spill-Resistant Surface, Durable Materials, Portable, in a Fresh Modern Design, Graphite",N/A,N/A,"3,728 ratings",4.7 out of 5 stars,https://m.media-amazon.com/images/I/81WQsjtppYL._AC_SL1500_.jpg
96,"Anker 333 USB C to USB C Cable (6ft 100W, 2-Pack), USB 2.0 Type C Charging Cable Fast Charge for MacBook Pro 2020, iPad Pro 2020, iPad Air 4, Samsung Galaxy S21, Pixel, Switch, LG, and More (Black)",N/A,N/A,"7,069 ratings",4.7 out of 5 stars,https://m.media-amazon.com/images/I/81NNdgl36mL._AC_SL1500_.jpg
97,Amazon Basics Gel Computer Mouse Pad with Wrist Support Rest - Black,N/A,N/A,"26,037 ratings",4.6 out of 5 stars,https://m.media-amazon.com/images/I/71mbxPIMl1S._AC_SL1500_.jpg
98,"Cat8 Ethernet Cable, Outdoor&Indoor, 6FT Heavy Duty High Speed 26AWG Cat8 LAN Network Cable 40Gbps, 2000Mhz with Gold Plated RJ45 Connector, Weatherproof S/FTP UV Resistant for Router/Gaming/Modem",N/A,N/A,"53,289 ratings",4.7 out of 5 stars,https://m.media-amazon.com/images/I/611BhwbmZWL._SL1200_.jpg
99,USB C to Lightning Cable 3Pack 6 FT Apple MFi Certified iPhone Fast Charger Type c to Lightning Cable Nylon Braided iPhone Cord for iPhone 13 12 11 Pro Max Xr Xs 8 7 6 Plus and More,$11.99,$22.69,"1,729 ratings",4.6 out of 5 stars,https://m.media-amazon.com/images/I/81KPQ1tKcfL._SL1500_.jpg
